公开(公告)号,标题,申请日,公开(公告)日,当前申请(专利权)人,发明人,法律状态/事件
CN213624990U,一种用于川藏铁路扣件的轨下垫板,2020-06-24,2021-07-06,中原利达铁路轨道技术发展有限公司,刘永奎 | 田伟 | 马红伦 | 邵缇 | 罗伟先,授权
CN113917562A,深埋软弱夹层宏细观结构表征及三维空间构造方法及装置,2021-09-27,2022-01-11,中国科学院武汉岩土力学研究所,邹先坚 | 王超 | 陈双源 | 宋欢,实质审查
CN204360142U,高频自动测风装置,2014-12-27,2015-05-27,中铁二院工程集团有限责任公司,周帅 | 曾永平 | 陈克坚 | 刘孜学 | 杨捷 | 杨平 | 杨国静,授权
CN110210173A,一种冰碛土物理力学参数的快速估算方法,2019-06-20,2019-09-06,中国地质科学院探矿工艺研究所 | 中国科学院、水利部成都山地灾害与环境研究所,杨东旭 | 游勇 | 陈晓清 | 刘建康 | 王军朝 | 杨栋 | 赵万玉 | 孙昊,授权
CN110210173B,一种冰碛土物理力学参数的快速估算方法,2019-06-20,2021-09-10,中国地质科学院探矿工艺研究所 | 中国科学院、水利部成都山地灾害与环境研究所,杨东旭 | 游勇 | 陈晓清 | 刘建康 | 王军朝 | 杨栋 | 赵万玉 | 孙昊,授权
CN112195413A,冻融循环线耐疲劳钢轨及其生产方法,2020-10-19,2021-01-08,攀钢集团攀枝花钢铁研究院有限公司,袁俊 | 邹明 | 邓勇 | 李若曦,实质审查
CN113594588A,一种高原环境使用的电动挖掘机动力锂电池,2021-08-06,2021-11-02,安徽通盛能源科技有限公司,史俊杰 | 尹剑 | 赵巍巍 | 蔡金 | 许子瑜 | 顾先磊 | 王友鹏 | 汪沛然 | 王玉荣 | 吴勇,实质审查
CN213574455U,一种用于高寒地区的风光互补发电装置,2020-11-19,2021-06-29,西南交通大学,向洋 | 吴小平 | 唐亦浓 | 黄祖瑞 | 汪炯藤,授权
CN112422028A,一种用于高寒地区的风光互补发电装置,2020-11-19,2021-02-26,西南交通大学,刘立国 | 吴小平 | 向洋 | 唐亦浓 | 黄祖瑞 | 汪炯藤,授权
CN112422028B,一种用于高寒地区的风光互补发电装置,2020-11-19,2021-10-08,西南交通大学,刘立国 | 吴小平 | 向洋 | 唐亦浓 | 黄祖瑞 | 汪炯藤,授权
CN113673582A,基于系统聚类分析的铁路动态基准点多层级分群方法,2021-07-30,2021-11-19,西南交通大学 | 川藏铁路技术创新中心有限公司,龚晓颖 | 冯威 | 黄丁发 | 吕菲,实质审查
CN113159475A,基础设施全生命周期监测平台及方法,2020-12-04,2021-07-23,中国国家铁路集团有限公司 | 中国铁道科学研究院集团有限公司 | 中国铁道科学研究院集团有限公司基础设施检测研究所 | 北京铁科英迈技术有限公司 | 石家庄铁道大学 | 北京交通大学 | 西南交通大学 | 中铁大桥勘测设计院集团有限公司 | 中铁科学研究院有限公司 | 中铁第一勘察设计院集团有限公司,杜彦良 | 赵钢 | 刘秀波 | 赵维刚 | 张浩 | 刘志强 | 陈斌 | 刘华 | 梅大鹏 | 马建民 | 高柏松 | 蔡小培 | 林圣 | 徐登科 | 赵欣欣 | 肖鑫 | 陶凯 | 代春平 | 李红艳 | 郭剑峰,实质审查
CN113888023A,一种基于多源地质灾害危险性评价的铁路减灾选线方法,2021-10-25,2022-01-04,中铁二院工程集团有限责任公司,周航 | 王朋 | 宋章 | 张广泽 | 陈仕阔 | 张雨露 | 邹远华 | 赵晓彦 | 杜宇本 | 袁传保 | 李东 | 常兴旺 | 徐正宣 | 冯涛 | 王彦东 | 邓宏科 | 陈伟 | 唐伟华 | 陶玉敬 | 欧阳吉 | 任金龙,实质审查
CN110111023A,一种公益性铁路的判识方法,2019-05-17,2019-08-09,中铁二院工程集团有限责任公司,罗圆 | 朱颖 | 张小强 | 马擎 | 李广路 | 余浩伟,驳回
CN110133726A,铁路隧道航空电磁法勘探测线布置方法,2019-04-25,2019-08-16,中铁二院工程集团有限责任公司,李坚 | 张雨露 | 张广泽 | 寇川 | 雷旭友 | 魏栋华 | 曹云勇 | 尹小康 | 蒋良文 | 王科 | 徐正宣 | 吴俊猛 | 杨英 | 赵思为 | 付开隆 | 赵平 | 李建强 | 杜宇本 | 刘康 | 甄大勇 | 叶建超 | 马文德,实质审查
CN211037380U,一种高寒地区装配式主被动结合节能墙体,2019-05-06,2020-07-17,中铁建设集团有限公司,王宽 | 周大兴 | 方宏伟 | 武利平 | 郭伟 | 孙玉龙 | 温恺 | 史乐贤,授权 | 一案双申
CN110135739A,一种基于模糊混合决策的铁路公益性综合评价方法,2019-05-17,2019-08-16,中铁二院工程集团有限责任公司,朱颖 | 罗圆 | 张小强 | 马擎 | 李广路 | 余浩伟,驳回
CN113324530A,高海拔大高差广区域铁路高精度空间基准维持方法,2021-04-21,2021-08-31,中铁第一勘察设计院集团有限公司,武瑞宏 | 许双安 | 冯威 | 周东卫 | 王建红 | 龚江峰 | 田社权 | 汤伟尧 | 袁永信,实质审查
CN110231659A,埋深变化大的铁路隧道航空电磁探测方法,2019-06-03,2019-09-13,中铁二院工程集团有限责任公司,曹云勇 | 李坚 | 张雨露 | 张广泽 | 寇川 | 胡清波 | 许胜 | 徐正宣 | 尹小康 | 雷旭友 | 魏栋华 | 甄大勇 | 吴俊猛 | 杨英 | 付开隆 | 赵思为 | 叶建超 | 刘康 | 郭君 | 张家德 | 刘钰泉 | 章丹贵 | 马文德 | 吴正刚 | 赵文龙 | 周超 | 张硕 | 王鹏 | 张羽军 | 冯涛 | 宋章 | 刘建国 | 王哲威 | 欧阳吉 | 王彦东,授权
CN110231659B,埋深变化大的铁路隧道航空电磁探测方法,2019-06-03,2021-04-30,中铁二院工程集团有限责任公司,曹云勇 | 李坚 | 张雨露 | 张广泽 | 寇川 | 胡清波 | 许胜 | 徐正宣 | 尹小康 | 雷旭友 | 魏栋华 | 甄大勇 | 吴俊猛 | 杨英 | 付开隆 | 赵思为 | 叶建超 | 刘康 | 郭君 | 张家德 | 刘钰泉 | 章丹贵 | 马文德 | 吴正刚 | 赵文龙 | 周超 | 张硕 | 王鹏 | 张羽军 | 冯涛 | 宋章 | 刘建国 | 王哲威 | 欧阳吉 | 王彦东,授权
CN112765809A,基于高地应力隧道典型灾害的铁路线路比选方法和装置,2021-01-14,2021-05-07,成都理工大学,李天斌 | 张广泽 | 马俊杰 | 张雨露 | 曾鹏 | 丁浩江 | 冯君 | 张小林,实质审查
CN114186641A,一种基于深度学习的滑坡易发性评价方法,2021-12-16,2022-03-15,长安大学,丁明涛 | 李振洪 | 黄武彪,实质审查
CN210348495U,斜坡冻土区装配式自通风路基结构,2019-05-09,2020-04-17,中铁二院工程集团有限责任公司,杨泉 | 蒋尧 | 徐骏 | 高柏松 | 郭海强 | 王占盛 | 李炼 | 罗一农,授权
CN114252387A,一种考虑高原强辐射影响的混凝土试验装置及试验方法,2021-07-12,2022-03-29,中国铁道科学研究院集团有限公司铁道建筑研究所 | 中国铁道科学研究院集团有限公司 | 北京铁锋建筑工程技术有限公司,葛昕 | 谭盐宾 | 杨鲁 | 李林香 | 谢永江 | 郑永杰 | 付志勇 | 王琳 | 齐婧 | 袁政成,实质审查
CN110502772A,斜坡冻土区装配式自通风路基结构及设计方法,2019-05-09,2019-11-26,中铁二院工程集团有限责任公司,杨泉 | 蒋尧 | 徐骏 | 高柏松 | 郭海强 | 王占盛 | 李炼 | 罗一农,实质审查
CN110119902A,一种公益性铁路综合评价指标体系的确定方法,2019-05-17,2019-08-13,中铁二院工程集团有限责任公司,朱颖 | 罗圆 | 张小强 | 马擎 | 李广路 | 余浩伟,驳回
CN210422672U,一种纵深隧道富氧气体循环系统,2019-07-16,2020-04-28,杭州创威实业股份有限公司,楼百根 | 孙莉 | 钱晶 | 斯航军,授权 | 一案双申
CN107832580A,基于度日模型的冰水泥石流清水流量计算方法,2017-11-13,2018-03-23,中国科学院、水利部成都山地灾害与环境研究所,潘华利 | 欧国强 | 邓明枫 | 郑志山,实质审查
CN111236973A,一种用于板块活动带隧道的韧性结构,2020-01-13,2020-06-05,西南交通大学 | 陕西v通材料有限公司,严健 | 何川 | 董唯杰 | 汪波 | 徐国文,授权 | 权利转移
CN111236973B,一种用于板块活动带隧道的韧性结构,2020-01-13,2020-11-20,西南交通大学 | 陕西v通材料有限公司,严健 | 何川 | 董唯杰 | 汪波 | 徐国文,授权 | 权利转移
CN214584793U,一种用于混凝土耐久性测试的多因素耦合环境模拟装置,2021-03-18,2021-11-02,中建西部建设西南有限公司 | 中建西部建设股份有限公司,袁文韬 | 王军 | 张远,授权
CN211815242U,一种公铁两用拼装式轨道结构,2020-03-16,2020-10-30,中铁二院工程集团有限责任公司,刘捶 | 田春香 | 李粮余 | 熊维 | 杨明辉 | 葛根荣 | 莫宏愿 | 张志强,授权
CN216411950U,一种高速列车过不同地温分布的隧道动模型试验系统,2022-03-17,2022-04-29,中南大学,秦子兴 | 王军彦 | 郭子健 | 王凯文 | 胡冲,授权
CN112322973A,潮湿环境耐腐蚀性钢轨及其生产方法,2020-10-19,2021-02-05,攀钢集团攀枝花钢铁研究院有限公司,袁俊 | 邹明 | 陈崇木 | 邓勇,实质审查
CN112596076A,一种灾害监测型GNSS接收机及其监测方法,2020-12-14,2021-04-02,长安大学,黄观文 | 白正伟 | 张勤 | 杜源 | 王铎 | 景策 | 陈孜,授权
CN112596076B,一种灾害监测型GNSS接收机及其监测方法,2020-12-14,2021-11-16,长安大学,黄观文 | 白正伟 | 张勤 | 杜源 | 王铎 | 景策 | 陈孜,授权
CN111307394A,一种多级动力可控回流式风洞,2020-03-09,2020-06-19,西南交通大学,张血琴 | 张广全 | 郭裕钧 | 吴广宁 | 高国强 | 刘凯 | 李春茂,授权
CN111307394B,一种多级动力可控回流式风洞,2020-03-09,2021-08-24,西南交通大学,张血琴 | 张广全 | 郭裕钧 | 吴广宁 | 高国强 | 刘凯 | 李春茂,授权
CN110471119A,基于航空电磁法铁路隧道三维选线方法,2019-07-10,2019-11-19,中铁二院工程集团有限责任公司,徐正宣 | 张广泽 | 林之恒 | 冯涛 | 宋章 | 王哲威 | 欧阳吉 | 伊小娟 | 曹云勇 | 尹小康 | 刘建国 | 王彦东 | 周学军 | 孟少伟 | 刘志军 | 谢荣强 | 袁东,授权
CN110471119B,基于航空电磁法铁路隧道三维选线方法,2019-07-10,2021-07-09,中铁二院工程集团有限责任公司,徐正宣 | 张广泽 | 林之恒 | 冯涛 | 宋章 | 王哲威 | 欧阳吉 | 伊小娟 | 曹云勇 | 尹小康 | 刘建国 | 王彦东 | 周学军 | 孟少伟 | 刘志军 | 谢荣强 | 袁东,授权
CN110295626A,给排水管道的防冻装置及其施工方法,2019-07-15,2019-10-01,中铁二院工程集团有限责任公司,赵子成 | 黄立群 | 于洋 | 林宏 | 赵青海 | 葛根荣 | 李晓园 | 曾庆华,授权
CN110295626B,给排水管道的防冻装置及其施工方法,2019-07-15,2021-05-18,中铁二院工程集团有限责任公司,赵子成 | 黄立群 | 于洋 | 林宏 | 赵青海 | 葛根荣 | 李晓园 | 曾庆华,授权
CN110242340A,一种纵深隧道富氧气体循环系统,2019-07-16,2019-09-17,杭州创威实业股份有限公司,楼百根 | 孙莉 | 钱晶 | 斯航军,实质审查 | 一案双申
CN112299778A,一种高原铁路混凝土的组成及制备方法,2020-09-29,2021-02-02,中国铁道科学研究院集团有限公司铁道建筑研究所 | 中国铁道科学研究院集团有限公司 | 中国国家铁路集团有限公司 | 北京铁锋建筑工程技术有限公司,李康 | 王希 | 胡建伟 | 谢永江 | 冯仲伟 | 李林香 | 谭盐宾 | 程冠之 | 刘竞 | 李书明 | 董全霄 | 刘子科 | 王月华 | 王振 | 杨鲁 | 葛昕 | 饶云兵 | 谢亮 | 胡凡 | 齐婧 | 刘婷婷 | 何庆,公开
CN210031461U,一种无塔悬索桥结构体系,2019-05-06,2020-02-07,中铁第一勘察设计院集团有限公司,房帅平 | 康炜 | 吴文华 | 乔雷涛 | 方桂芬 | 冯亚成 | 周友权 | 文强 | 张蕾 | 张鹏举 | 卢皓,授权
CN110789575A,适用于高原稀疏铁路的列车运行控制系统,2019-11-13,2020-02-14,交控科技股份有限公司,孙军国 | 黄鼎慧,驳回
CN114133161A,一种低气压环境用引气材料和提高砂浆或混凝土抗冻性能的方法,2021-12-09,2022-03-04,西南交通大学,李茂红 | 王平 | 袁远 | 李固华 | 李福海 | 周杏芝,实质审查
CN113603384A,一种超早强型无氟无碱液体速凝剂及其制备方法,2021-08-11,2021-11-05,石家庄市长安育才建材有限公司,赵明敏 | 田遥 | 滕文生 | 黄玉美 | 王玉乾 | 李茜茜 | 董树强 | 王龙飞 | 连彦丽 | 刘旭飞,实质审查
CN114035238A,基于双树复小波变换的超前地质预报方法,2021-10-18,2022-02-11,西南交通大学,杨丹 | 韩玫,实质审查
CN111119776A,一种适用于大口径水平工程地质勘探的绳索取心钻具,2020-03-03,2020-05-08,湖南科技大学,王佳亮 | 彭奋飞 | 万步炎,实质审查 | 一案双申
CN211623372U,一种适用于大口径水平工程地质勘探的绳索取心钻具,2020-03-03,2020-10-02,湖南科技大学,王佳亮 | 彭奋飞 | 万步炎,授权 | 一案双申
CN211872451U,一种减震挡土板,2019-12-29,2020-11-06,中铁二院工程集团有限责任公司,杨泉 | 徐骏 | 高柏松 | 赵海鑫 | 郭海强 | 王占盛 | 李炼,授权
CN113324510A,轨道线路竖曲线曲率检测方法、装置及轨道线路检测系统,2021-06-01,2021-08-31,中国铁道科学研究院集团有限公司 | 中国铁道科学研究院集团有限公司基础设施检测研究所 | 北京铁科英迈技术有限公司,魏世斌 | 王琰 | 余宁 | 王昊 | 李颖 | 杜馨瑜,授权
CN113324521A,轨道线路坡度检测方法、装置及轨道线路检测系统,2021-06-01,2021-08-31,中国铁道科学研究院集团有限公司 | 中国铁道科学研究院集团有限公司基础设施检测研究所 | 北京铁科英迈技术有限公司,魏世斌 | 王琰 | 余宁 | 王昊 | 李颖 | 杜馨瑜,授权
CN113324521B,轨道线路坡度检测方法、装置及轨道线路检测系统,2021-06-01,2022-03-11,中国铁道科学研究院集团有限公司 | 中国铁道科学研究院集团有限公司基础设施检测研究所 | 北京铁科英迈技术有限公司,魏世斌 | 王琰 | 余宁 | 王昊 | 李颖 | 杜馨瑜,授权
CN113324510B,轨道线路竖曲线曲率检测方法、装置及轨道线路检测系统,2021-06-01,2022-03-11,中国铁道科学研究院集团有限公司 | 中国铁道科学研究院集团有限公司基础设施检测研究所 | 北京铁科英迈技术有限公司,魏世斌 | 王琰 | 余宁 | 王昊 | 李颖 | 杜馨瑜,授权
CN113374526A,寒区隧道排水系统的正积温通风调控装置及方法,2021-06-16,2021-09-10,宁波大学,夏才初 | 林梓梁 | 杜时贵 | 徐晨 | 张瑶 | 曹善鹏,实质审查
CN215441859U,一种全强风化卵石土地基改良结构,2020-12-22,2022-01-07,中铁二院工程集团有限责任公司 | 西南交通大学,王栋 | 徐华 | 蒋良文 | 张广泽 | 冯涛 | 林之恒 | 刘春兰 | 周廷宇 | 张小波 | 王歆宇,授权
CN110280461A,一种长效波纹板隧道防岩爆装置耐腐蚀复合膜及实施方法,2019-06-11,2019-09-27,西安华捷奥海新材料有限公司 | 中铁第一勘察设计院集团有限公司,高建中 | 岳迎九 | 王飞 | 刘国庆,实质审查
CN111088740A,一种减震挡土板及设计方法,2019-12-29,2020-05-01,中铁二院工程集团有限责任公司,杨泉 | 徐骏 | 高柏松 | 赵海鑫 | 郭海强 | 王占盛 | 李炼,实质审查
CN114019584A,一种大高差地区高精度CORS网VRS解算方法,2021-10-11,2022-02-08,武汉大学,何林 | 姚宜斌 | 许超钤 | 张良 | 彭文杰 | 孔建,实质审查
CN113189302A,深埋隧道穿越活动断裂突水突泥动力灾害试验系统及方法,2021-04-20,2021-07-30,山东大学,薛翊国 | 孔凡猛 | 周炳桦 | 李志强 | 宋茜 | 公惠民,实质审查
CN114019585A,一种大高差地区高精度定位CORS网FKP解算方法,2021-10-11,2022-02-08,武汉大学,何林 | 姚宜斌 | 许超钤 | 张良 | 彭文杰 | 孔建,实质审查
CN114150572A,一种铁路路桥过渡段台背装配式缓冲结构及其施工方法,2021-12-30,2022-03-08,中国铁道科学研究院集团有限公司铁道建筑研究所 | 中国铁道科学研究院集团有限公司,董亮 | 苏永华 | 班新林 | 胡所亭 | 许见超 | 向琪芪 | 葛凯 | 吴贻珂 | 陈浩瑞 | 李克冰 | 陈胜利 | 孙明德 | 杨心怡 | 袁磊 | 尹京 | 王乐然 | 刘吉元,实质审查
CN206530342U,跨蠕滑断裂带隧道衬砌构造,2016-12-30,2017-09-29,中铁二院工程集团有限责任公司,孙其清 | 郑宗溪 | 谭永杰 | 王明年 | 喻渝 | 于丽 | 张永平 | 马青 | 匡亮 | 杨雄 | 方钱宝 | 刘凯,授权
CN112727473A,一种高地应力大变形隧道预锚固快速掘进施工方法,2021-02-04,2021-04-30,中铁二院工程集团有限责任公司 | 中铁二院贵阳勘察设计研究院有限责任公司,魏永幸 | 方钱宝 | 陶伟明 | 秦小林 | 牛国栋 | 霍建勋 | 焦康杰 | 陈思宇,实质审查
CN111501794A,用于高陡边坡加固防护的锚固装置、锚固系统及施工方法,2020-04-29,2020-08-07,中铁二院工程集团有限责任公司,陈伟志 | 曾锐 | 刘剑光 | 叶世斌 | 孙晓,授权
CN113417695A,寒区隧道离壁式保温结构的正积温通风调控装置及方法,2021-06-16,2021-09-21,宁波大学,夏才初 | 林梓梁 | 杜时贵 | 徐晨 | 曹善鹏 | 张瑶,实质审查
CN111501794B,用于高陡边坡加固防护的锚固装置、锚固系统及施工方法,2020-04-29,2021-10-08,中铁二院工程集团有限责任公司,陈伟志 | 曾锐 | 刘剑光 | 叶世斌 | 孙晓,授权
CN111501792A,一种用于高陡边坡的防护结构及其施工方法,2020-04-29,2020-08-07,中铁二院工程集团有限责任公司,陈伟志 | 郭在旭 | 姚裕春 | 龙礼斌 | 韩想平,实质审查
CN108193575A,季节性冻土区路基的防冻胀结构体及其铺筑方法,2017-12-20,2018-06-22,张昆,张昆,实质审查
CN108179669A,冻土路基的防热结构体及其冷却方法,2017-12-20,2018-06-19,张昆,张昆,授权
CN108179669B,冻土路基的防热结构体及其冷却方法,2017-12-20,2021-03-26,张昆,张昆,授权
CN110687276A,二次衬砌补充注浆室内模拟试验测试装置,2019-09-27,2020-01-14,西南交通大学,陈德 | 王泗 | 沈明亮 | 钱蜻蜓 | 曹献良 | 李鹏程 | 来国杰,实质审查 | 一案双申
CN211478318U,二次衬砌补充注浆室内模拟试验测试装置,2019-09-27,2020-09-11,西南交通大学,陈德 | 王泗 | 沈明亮 | 钱蜻蜓 | 曹献良 | 李鹏程 | 来国杰,授权 | 一案双申
CN114319153A,现役实腹式拱桥综合加固体系及施工方法,2021-12-28,2022-04-12,浙江世润建创科技发展有限公司,李凡凡 | 郭玉达,实质审查
CN113202534A,一种用于高地热隧道风仓式通风的降温系统及方法,2021-05-17,2021-08-03,中交第二公路工程局有限公司,王帅帅 | 吴江 | 廖立勋 | 韩昊阳,实质审查
CN113389585A,一种用于高地热隧道风渠式通风的降温系统及方法,2021-05-17,2021-09-14,中交第二公路工程局有限公司,王帅帅 | 郭亚斌 | 廖立勋 | 韩昊阳,实质审查
CN114085055A,一种适用于高地温隧道高温低湿环境下二次衬砌混凝土及其制备方法,2021-10-25,2022-02-25,中南大学 | 长沙市建筑节能与绿色建筑产业技术创新战略联盟,申景涛 | 马昆林 | 韩晓昆 | 徐占军 | 张威振 | 龙广成 | 曾晓辉 | 胡明文,实质审查
CN114324010A,基于振动台原理的岩体结构面多向动态剪切力学测试系统,2022-03-09,2022-04-12,西南交通大学,张迎宾 | 张世豪 | 贺建先 | 余鹏程 | 李得建 | 富海鹰 | 赵炼恒 | 黄达,实质审查
CN109799101A,一种模拟复杂极端环境工况的列车制动性能测试试验台,2019-03-15,2019-05-24,西南交通大学,莫继良 | 项载毓 | 唐斌 | 吴元科 | 范志勇 | 钱泓桦 | 朱F昊 | 周仲荣,驳回 | 一案双申
CN209342393U,一种模拟复杂极端环境工况的列车制动性能测试试验台,2019-03-15,2019-09-03,西南交通大学,莫继良 | 项载毓 | 唐斌 | 吴元科 | 范志勇 | 钱泓桦 | 朱F昊 | 周仲荣,授权 | 一案双申
CN110765556A,一种交流机车再生制动建模方法,2019-12-09,2020-02-07,西南交通大学,刘志刚 | 章叶心,实质审查
CN114324142A,一种接触面摩擦力测量装置,2021-11-26,2022-04-12,北京中煤矿山工程有限公司,宁方波 | 谭杰 | 高伟 | 许舒荣 | 宋朝阳 | 张广宇 | 王媛,实质审查
CN109441481A,一种高海拔寒冷地区抗冻融灾害的隧道衬砌结构,2018-11-21,2019-03-08,中铁十一局集团第五工程有限公司 | 中铁十一局集团有限公司,郑典明 | 陈光 | 牙韩东 | 邓荣贵 | 杨敬 | 贺培霖 | 王杨波,授权
CN109441481B,一种高海拔寒冷地区抗冻融灾害的隧道衬砌结构,2018-11-21,2020-02-11,中铁十一局集团第五工程有限公司 | 中铁十一局集团有限公司,郑典明 | 陈光 | 牙韩东 | 邓荣贵 | 杨敬 | 贺培霖 | 王杨波,授权
CN112629914A,一种冻土静力切割台,2020-12-03,2021-04-09,中铁建设集团基础设施建设有限公司,陈静 | 李太胜 | 李海龙,实质审查
CN113621881A,一种提高中碳钢钢轨焊接接头低温韧性的方法,2021-08-09,2021-11-09,攀钢集团攀枝花钢铁研究院有限公司,白威 | 李大东 | 陆鑫 | 徐飞翔,实质审查
CN108019221A,强震区跨断层隧道衬砌柔性伸缩接头装置及隧道衬砌结构,2017-12-15,2018-05-11,西南交通大学,申玉生 | 高波 | 郑清 | 范凯祥 | 闫高明 | 王英学 | 闻毓民 | 隋传毅 | 朱双燕 | 资晓鱼 | 曹帮俊 | 黎圣林 | 杨佳奇 | 唐浪洲 | 周鹏发 | 赵建沣,未缴年费
CN108019221B,强震区跨断层隧道衬砌柔性伸缩接头装置及隧道衬砌结构,2017-12-15,2019-11-08,西南交通大学,申玉生 | 高波 | 郑清 | 范凯祥 | 闫高明 | 王英学 | 闻毓民 | 隋传毅 | 朱双燕 | 资晓鱼 | 曹帮俊 | 黎圣林 | 杨佳奇 | 唐浪洲 | 周鹏发 | 赵建沣,未缴年费
CN111639865B,一种高铁沿线气象灾害发生风险分析方法,2020-06-02,2021-03-19,中国气象局气象探测中心,郭建侠 | 张子曰 | 康家琦 | 王佳 | 刘圆,授权
CN113565527A,一种适用于活动断裂区和高地应力区的隧道防护结构,2021-09-27,2021-10-29,中国科学院地质与地球物理研究所,郑博文 | 祁生文 | 何满潮 | 周辉 | 张永双 | 郭松峰 | 黄晓林 | 梁宁 | 邹宇,授权
CN113565527B,一种适用于活动断裂区和高地应力区的隧道防护结构,2021-09-27,2022-01-04,中国科学院地质与地球物理研究所,郑博文 | 祁生文 | 何满潮 | 周辉 | 张永双 | 郭松峰 | 黄晓林 | 梁宁 | 邹宇,授权
CN108755566A,泥石流拦砂坝坝基扬压力计算方法,2018-06-08,2018-11-06,中国科学院、水利部成都山地灾害与环境研究所,游勇 | 张莉 | 柳金峰 | 孙昊 | 刘道川 | 刘洋 | 袁东 | 周文兵,授权
CN108755566B,泥石流拦砂坝坝基扬压力计算方法,2018-06-08,2020-10-27,中国科学院、水利部成都山地灾害与环境研究所,游勇 | 张莉 | 柳金峰 | 孙昊 | 刘道川 | 刘洋 | 袁东 | 周文兵,授权
CN111996460A,一种焊接热影响区-40℃冲击功不低于54J的500MPa级耐候桥梁钢,2020-09-02,2020-11-27,燕山大学,王青峰 | 赵丽洋 | 胡兵 | 李方敏 | 刘东博 | 魏旭 | 楚觉非 | 陈林恒 | 王军,授权
CN111996460B,一种焊接热影响区-40℃冲击功不低于54J的500MPa级耐候桥梁钢,2020-09-02,2021-06-29,燕山大学,王青峰 | 赵丽洋 | 胡兵 | 李方敏 | 刘东博 | 魏旭 | 楚觉非 | 陈林恒 | 王军,授权
CN109209444A,高寒地区隧道抗冻融灾害的处理方法,2018-11-21,2019-01-15,中铁十一局集团第五工程有限公司 | 中铁十一局集团有限公司,郑典明 | 陈光 | 牙韩东 | 邓荣贵 | 杨敬 | 贺培霖 | 王杨波,授权
CN110158804A,一种高寒地区装配式主被动结合节能墙体,2019-05-06,2019-08-23,中铁建设集团有限公司,王宽 | 周大兴 | 方宏伟 | 武利平 | 郭伟 | 孙玉龙 | 温恺 | 史乐贤,实质审查 | 一案双申
CN109209444B,高寒地区隧道抗冻融灾害的处理方法,2018-11-21,2020-01-07,中铁十一局集团第五工程有限公司 | 中铁十一局集团有限公司,郑典明 | 陈光 | 牙韩东 | 邓荣贵 | 杨敬 | 贺培霖 | 王杨波,授权
CN108119166A,强震区跨大型活动断裂带隧道装配式衬砌结构及隧道,2017-12-15,2018-06-05,西南交通大学,高波 | 郑清 | 申玉生 | 闫高明 | 范凯祥 | 王英学 | 闻毓民 | 隋传毅 | 杨佳奇 | 朱双燕 | 曹帮俊 | 资晓鱼 | 黎圣林 | 周鹏发 | 赵建沣 | 唐浪洲,未缴年费
CN108119166B,强震区跨大型活动断裂带隧道装配式衬砌结构及隧道,2017-12-15,2019-08-23,西南交通大学,高波 | 郑清 | 申玉生 | 闫高明 | 范凯祥 | 王英学 | 闻毓民 | 隋传毅 | 杨佳奇 | 朱双燕 | 曹帮俊 | 资晓鱼 | 黎圣林 | 周鹏发 | 赵建沣 | 唐浪洲,未缴年费
CN110836120A,适用于穿越活断层的自监测调节的隧道衬砌结构及施工方法,2019-11-07,2020-02-25,山东大学,薛翊国 | 宋茜 | 邱道宏 | 孔凡猛 | 柏成浩 | 公惠民,授权
CN110836120B,适用于穿越活断层的自监测调节的隧道衬砌结构及施工方法,2019-11-07,2020-11-06,山东大学,薛翊国 | 宋茜 | 邱道宏 | 孔凡猛 | 柏成浩 | 公惠民,授权
CN110043278A,一种穿越活动断裂带的分级抗断型山岭隧道结构及其施工方法,2019-04-12,2019-07-23,北京工业大学,杜修力 | 汪振 | 赵密 | 钟紫蓝 | 赵旭 | 黄景琦,授权 | 一案双申
CN210033452U,一种穿越活动断裂带的分级抗断型山岭隧道结构,2019-04-12,2020-02-07,北京工业大学,杜修力 | 汪振 | 赵密 | 钟紫蓝 | 赵旭 | 黄景琦,授权 | 一案双申
CN211114102U,一种模块化集装箱建筑,2019-09-25,2020-07-28,成都归谷环境科技有限责任公司,吴长春 | 殷永辉 | 李明林 | 赵田才 | 孟猛 | 揭会斌 | 李嘉伟,授权
CN110043278B,一种穿越活动断裂带的分级抗断型山岭隧道结构及其施工方法,2019-04-12,2021-04-09,北京工业大学,杜修力 | 汪振 | 赵密 | 钟紫蓝 | 赵旭 | 黄景琦,授权 | 一案双申
CN114441341A,一种用于冰碛物动态性能测试的土体剪切装置,2022-01-24,2022-05-06,西南交通大学,张迎宾 | 贺建先 | 丁天力 | 富海鹰 | 余鹏程 | 李得建 | 赵炼恒 | 黄达,公开
CN111160644A,一种基于地质灾害风险评估的铁路选线方法及其装置,2019-12-27,2020-05-15,成都理工大学,李天斌 | 马俊杰 | 曾鹏 | 吴君艳,实质审查
CN211950759U,一种铁路轨道能量采集装置,2020-03-09,2020-11-17,西南交通大学,吴小平 | 张庭生 | 朱强 | 樊亚伦 | 余玺 | 张祖涛,授权
CN112033708A,一种高速列车过局部加热隧道动模型实验系统及方法,2020-09-11,2020-12-04,中南大学,王田天 | 张雷 | 王军彦 | 钱博森 | 杨明智 | 周丹 | 伍钒,授权
CN112033708B,一种高速列车过局部加热隧道动模型实验系统及方法,2020-09-11,2021-06-04,中南大学,王田天 | 张雷 | 王军彦 | 钱博森 | 杨明智 | 周丹 | 伍钒,授权
CN113959851A,一种监测岩爆孕育过程微裂纹演化规律的实验方法,2021-10-19,2022-01-21,辽宁科技大学,任富强 | 常远 | 王涵,实质审查
CN111475924A,一种降雨诱发变形的卸荷岩质边坡稳定性分析方法,2020-03-18,2020-07-31,中铁二院工程集团有限责任公司,张广泽 | 王栋 | 徐正宣 | 陈国庆 | 张雨露 | 米冠宇 | 蒋良文 | 林之恒,授权
CN211506935U,基于地质雷达法的隧道衬砌缺陷快速识别模型,2020-01-17,2020-09-15,中铁二十五局集团第四工程有限公司 | 中铁二十五局集团第六工程有限公司 | 柳州铁路工程质量检测中心有限公司,许可盛 | 李骞 | 闫德运 | 陈慧 | 王翠姣 | 方全 | 李海波 | 苏小敏 | 刘飞 | 韦刚壮 | 叶小茂 | 陆冠陶,授权
CN111932832A,一种建设工程环境灾害事故监测预警方法,2020-08-07,2020-11-13,西南交通大学,孙永东 | 张锦 | 马辉 | 徐君翔 | 刘卫华 | 黄琰 | 陈豪杰,实质审查
CN113153309A,一种隧道施工方法,2021-03-09,2021-07-23,中铁工程装备集团有限公司,鲁义强 | 李光 | 贺飞 | 宁向可 | 高翔 | 徐文静,授权
CN215672304U,一种用于高地热隧道风渠式通风的降温系统,2021-05-17,2022-01-28,中交第二公路工程局有限公司,王帅帅 | 郭亚斌 | 廖立勋 | 韩昊阳,授权
CN113153309B,一种隧道施工方法,2021-03-09,2022-03-15,中铁工程装备集团有限公司,鲁义强 | 李光 | 贺飞 | 宁向可 | 高翔 | 徐文静,授权
CN111475924B,一种降雨诱发变形的卸荷岩质边坡稳定性分析方法,2020-03-18,2022-05-10,中铁二院工程集团有限责任公司,张广泽 | 王栋 | 徐正宣 | 陈国庆 | 张雨露 | 米冠宇 | 蒋良文 | 林之恒,授权
CN110985081A,热发电自衡温锚杆及其制作方法,2019-12-25,2020-04-10,石家庄铁道大学,张骞 | 高超 | 赵维刚 | 梅晓腾 | 安广斌 | 许芳 | 张子航 | 张泽雨 | 徐景涛,授权
CN110985081B,热发电自衡温锚杆及其制作方法,2019-12-25,2021-05-18,石家庄铁道大学,张骞 | 高超 | 赵维刚 | 梅晓腾 | 安广斌 | 许芳 | 张子航 | 张泽雨 | 徐景涛,授权
CN215633079U,一种用于高地热隧道风仓式通风的降温系统,2021-05-17,2022-01-25,中交第二公路工程局有限公司,王帅帅 | 吴江 | 廖立勋 | 韩昊阳,授权
CN209212248U,适用于隧道衬砌的可拉伸和压缩的弹簧组构件,2018-11-21,2019-08-06,中铁十一局集团第五工程有限公司 | 中铁十一局集团有限公司,郑典明 | 陈光 | 牙韩东 | 邓荣贵 | 杨敬 | 贺培霖 | 王杨波,授权
CN112700622A,一种基于storm的铁路地质灾害监测大数据预处理方法及系统,2020-12-21,2021-04-23,中铁二院工程集团有限责任公司,王 | 陆鑫 | 袁焦 | 伏坤 | 金劭南 | 杨科 | 刘勇 | 潘兆马 | 邹文露 | 余博 | 杨俊超 | 杨学锋 | 徐鑫 | 杨森 | 姚书琴 | 裴起帆,实质审查
CN210003297U,一种适用于高海拔大温差地区的抗冻型隧道衬砌结构,2019-04-29,2020-01-31,中交二公局第四工程有限公司,赵阳 | 黄辉 | 段德峰 | 刘光军 | 何锐 | 白永厚 | 高景明 | 程伟峰 | 周广翔 | 宋亚明,授权
CN111337025A,适用于长距离水平取芯钻机的定位定向仪孔内定位方法,2020-04-28,2020-06-26,中国人民解放军国防科技大学,王林 | 张永健 | 高春峰 | 罗晖 | 袁保伦 | 魏国 | 李耿 | 樊振方 | 熊振宇 | 周盟孟,授权
CN111501795A,一种用于高陡边坡加固防护的锚网装置及其施工方法,2020-04-29,2020-08-07,中铁二院工程集团有限责任公司,陈伟志 | 孙晓 | 李安洪 | 刘勇 | 龚建辉,授权
CN112131639A,一种高速列车过高地温隧道的数值仿真方法,2020-09-11,2020-12-25,中南大学,王田天 | 钱博森 | 王军彦 | 张雷 | 伍钒 | 杨明智 | 周丹,实质审查
CN111337025B,适用于长距离水平取芯钻机的定位定向仪孔内定位方法,2020-04-28,2021-02-26,中国人民解放军国防科技大学,王林 | 张永健 | 高春峰 | 罗晖 | 袁保伦 | 魏国 | 李耿 | 樊振方 | 熊振宇 | 周盟孟,授权
CN111501795B,一种用于高陡边坡加固防护的锚网装置及其施工方法,2020-04-29,2021-10-08,中铁二院工程集团有限责任公司,陈伟志 | 孙晓 | 李安洪 | 刘勇 | 龚建辉,授权
CN114445578A,一种基于Beacon的柔性防护报警和灾情快速评估方法及系统,2022-04-11,2022-05-06,西南交通大学,骆丽茹 | 余志祥 | 张丽君 | 廖林绪 | 金云涛 | 田永丁 | 程强,公开
CN109989780A,一种高原隧道通风加压装置,2019-05-07,2019-07-09,中铁工程装备集团有限公司,张凯 | 李建斌 | 王杜娟 | 李光,实质审查 | 一案双申
CN209818097U,高原隧道通风加压装置,2019-05-07,2019-12-20,中铁工程装备集团有限公司,张凯 | 李建斌 | 王杜娟 | 李光,授权 | 一案双申
CN113030133A,一种用于冰碛土CT扫描的恒温控制装置,2021-02-19,2021-06-25,中国地质大学(武汉),姜茜慧 | 李长冬 | 周佳庆 | 张华伟 | 王妍 | 朱寅斌,实质审查
CN109736185A,一种新型防落梁阻尼器及含有它的阻尼系统,2019-03-12,2019-05-10,防灾科技学院 | 北京赛福思创减震科技股份公司,郭迅,实质审查 | 一案双申
CN209722700U,一种新型防落梁阻尼器及含有它的阻尼系统,2019-03-12,2019-12-03,防灾科技学院 | 北京赛福思创减震科技股份公司,郭迅 | 何雄科,授权 | 一案双申
CN111456758A,一种应对岩爆的双护盾TBM管背支护方法,2020-06-03,2020-07-28,中国水利水电第十工程局有限公司,宗敦峰 | 陈茂 | 韦猛 | 杨洋 | 宋宇 | 徐应中 | 苏小明 | 程锦中,授权
CN111775782A,一种电气化铁路牵引应急保障供电系统及控制方法,2020-07-22,2020-10-16,西南交通大学,戴朝华 | 邓文丽,实质审查
CN111456758B,一种应对岩爆的双护盾TBM管背支护方法,2020-06-03,2021-05-14,中国水利水电第十工程局有限公司,宗敦峰 | 陈茂 | 韦猛 | 杨洋 | 宋宇 | 徐应中 | 苏小明 | 程锦中,授权
CN113325448A,顾及对流层延迟改造的大高差CORS网解算方法,2021-04-21,2021-08-31,中铁第一勘察设计院集团有限公司,武瑞宏 | 许双安 | 冯威 | 周东卫 | 王建红 | 龚江峰 | 田社权 | 汤伟尧 | 袁永信,实质审查
CN215164842U,一种危岩落石的分导式桩板墙,2021-05-18,2021-12-14,中建二局土木工程集团有限公司,柏吉龙 | 杨德 | 李金会 | 丁学正 | 廖满平 | 刘荣斌,授权
CN113962003A,一种隧道围岩大变形评估方法,2021-10-25,2022-01-21,中铁二院工程集团有限责任公司,宋章 | 周航 | 王朋 | 邹远华 | 张雨露 | 张广泽 | 陈仕阔 | 赵晓彦 | 王科 | 李东 | 徐正宣 | 常兴旺 | 冯涛 | 王彦东 | 陈建发 | 龙清亮 | 沈维 | 袁传保 | 于振涛 | 谢荣强 | 陈建钢,实质审查
CN109407720A,季节性冻土区铁路隧道冻融圈控制系统与方法,2018-12-12,2019-03-01,山东大学 | 中铁十八局集团有限公司,薛翊国 | 陈清 | 候守江 | 张学亮 | 潘建平 | 李广坤 | 柏成浩 | 宁泽旭,授权
CN109632487A,一种室内岩石在载荷作用下内部应变场的定性测试方法,2019-01-14,2019-04-16,东北大学,张凤鹏 | 侯奎奎 | 纪优 | 邱兆国 | 彭建宇 | 闫广亮,实质审查
CN110273341A,一种季节性冻土地区制热路基结构及其施工方法,2019-07-19,2019-09-24,西南交通大学,黄俊杰 | 常勇夫 | 杨晨 | 祝伟杰 | 苏谦 | 刘凯文 | 陈德 | 黄志超 | 刘亭,驳回
CN111254904A,一种铁路多年冻土区路基形变检测与预测系统,2020-01-30,2020-06-09,华东交通大学,胡军 | 贾军昊 | 王强 | 郭成成 | 施斌缘,授权
CN211815483U,活动断裂带有砟轨道铁路桥梁结构,2020-03-12,2020-10-30,中铁二院工程集团有限责任公司,姚裕春 | 张耀 | 程云 | 刘洋 | 高继涛,授权
CN111894649A,一种高地温地质隧道基于台车的降温系统及应用方法,2020-09-09,2020-11-06,河北工业大学,张一鸣 | 高慧 | 杨雪晴 | 高之然,实质审查
CN111983193A,一种高地温围岩隧道结构模拟试验装置,2020-08-26,2020-11-24,西南交通大学,晏启祥 | 孙明辉 | 何川 | 李国良,实质审查
CN112226697A,耐擦伤的钢轨及其生产方法,2020-10-19,2021-01-15,攀钢集团攀枝花钢铁研究院有限公司,袁俊 | 邹明 | 邓勇 | 陈崇木,授权
CN112428888A,一种电气化铁路应急牵引供电方法,2020-12-08,2021-03-02,西南交通大学,高仕斌 | 胡海涛 | 黄毅 | 陈俊宇 | 葛银波 | 王科 | 何正友,授权
CN111254904B,一种铁路多年冻土区路基形变检测与预测系统,2020-01-30,2021-05-18,华东交通大学,胡军 | 贾军昊 | 王强 | 郭成成 | 施斌缘,授权
CN109407720B,季节性冻土区铁路隧道冻融圈控制系统与方法,2018-12-12,2021-06-01,山东大学 | 中铁十八局集团有限公司,薛翊国 | 陈清 | 侯守江 | 张学亮 | 潘建平 | 李广坤 | 柏成浩 | 宁泽旭,授权
CN112983450A,隧道岩爆控制型TBM系统及方法,2021-05-11,2021-06-18,北京中矿创新联盟能源环境科学研究院,何满潮 | 王琦 | 高红科 | 江贝 | 刘冬桥 | 杨晓杰 | 吴文瑞 | 许硕,授权
CN113417679A,用于纤维增强树脂复合材料杆体的锚固装置及锚固方法,2021-05-31,2021-09-21,哈尔滨工业大学,咸贵军 | 郭瑞 | 齐肖 | 田经纬,实质审查
CN112983450B,隧道岩爆控制型TBM系统及方法,2021-05-11,2021-10-15,北京中矿创新联盟能源环境科学研究院,何满潮 | 王琦 | 高红科 | 江贝 | 刘冬桥 | 杨晓杰 | 吴文瑞 | 许硕,授权
CN112428888B,一种电气化铁路应急牵引供电方法,2020-12-08,2021-12-17,西南交通大学,高仕斌 | 胡海涛 | 黄毅 | 陈俊宇 | 葛银波 | 王科 | 何正友,授权
CN112226697B,耐擦伤的钢轨及其生产方法,2020-10-19,2022-03-22,攀钢集团攀枝花钢铁研究院有限公司,袁俊 | 邹明 | 邓勇 | 陈崇木,授权
CN114436603A,一种新型隔热材料及其在高地热隧道中的应用,2020-10-30,2022-05-06,中国铁道科学研究院集团有限公司铁道建筑研究所 | 中国铁道科学研究院集团有限公司 | 中国国家铁路集团有限公司 | 北京铁锋建筑工程技术有限公司,李享涛 | 谢永江 | 程冠之 | 董全霄 | 仲新华 | 王家赫 | 渠亚男 | 谭盐宾 | 朱长华 | 冯仲伟 | 苏婉玉 | 裘智辉 | 孔庆欣 | 李连吉 | 袁政成 | 王伟唯,公开
CN205223767U,松散沙层斜坡地基路堤结构,2015-12-17,2016-05-11,中铁二院工程集团有限责任公司,姚裕春 | 李安洪 | 魏永幸 | 刘洋 | 龚建辉 | 葛学军 | 袁碧玉,授权
CN210323437U,一种用于高寒高海拔复杂山区雨量监测装置,2019-09-29,2020-04-14,西南交通大学,周航 | 陈仕阔,授权
CN210571128U,快速测定软岩地层地应力的测量装置,2019-09-18,2020-05-19,长江水利委员会长江科学院,韩晓玉 | 付平 | 邬爱清 | 丁秀丽 | 周春华 | 艾凯 | 刘元坤 | 尹健民 | 朱杰兵 | 蒋昱州 | 张新辉 | 卢波 | 黄书岭 | 周朝,授权
CN111561340A,高效率的隧道降温车,2020-05-26,2020-08-21,中国铁建投资集团有限公司,林福地 | 黄君,实质审查
CN112228132A,一种穿断层隧道的柔性隔离结构及岩体大变形控制方法,2020-09-17,2021-01-15,中国矿业大学(北京),陶志刚 | 何满潮 | 郭爱鹏 | 王振雨 | 邓飞,实质审查
CN212837844U,水下靶点封堵铁路隧道深竖井突涌水结构,2020-07-26,2021-03-30,中铁二院工程集团有限责任公司,朱廷宇 | 杨昌宇 | 王唤龙 | 邸成 | 范圣明 | 朱勇 | 宋智来 | 刘黎 | 范磊 | 王贵虎 | 李昕晖 | 刘建兵 | 曾劲 | 曾云川 | 桂林岗 | 徐军 | 黄智 | 胡金星,授权
CN112964621A,一种用于工业CT扫描的岩土体温度-渗流耦合装置,2021-02-19,2021-06-15,中国地质大学(武汉),姜茜慧 | 李长冬 | 周佳庆 | 王睿 | 刘洪斌 | 朱文宇,实质审查
CN113482663A,双隔双控隧道结构及工程岩体大变形灾害防控方法,2021-08-05,2021-10-08,何满潮,何满潮,实质审查
CN113492732A,一种AT牵引网分布式发电供电系统及控制方法,2021-09-08,2021-10-12,西南交通大学,李群湛 | 黄小红 | 马庆安 | 解绍锋 | 吴波,授权
CN113492732B,一种AT牵引网分布式发电供电系统及控制方法,2021-09-08,2021-11-30,西南交通大学,李群湛 | 黄小红 | 马庆安 | 解绍锋 | 吴波,授权
CN215164184U,一种重型组合固土结构,2021-05-28,2021-12-14,中建二局土木工程集团有限公司,刘驷达 | 徐新 | 冯钿 | 李金会 | 刘荣斌 | 常明华 | 谢建立,授权
CN114295788A,一种模拟隧道围岩有害气体超前封堵试验的装置及方法,2021-12-30,2022-04-08,重庆大学,刘新荣 | 王? | 周小涵 | 李林鹏 | 王群力 | 张吉禄 | 钟祖良,实质审查
CN114395947A,一种跨活动断裂可调节轨道装置,2022-03-21,2022-04-26,中国科学院地质与地球物理研究所,郭松峰 | 祁生文 | 何满潮 | 周辉 | 邹宇 | 李志清 | 李丽慧 | 郑博文 | 李金轩 | 罗光明 | 唐凤娇 | 温蔚銮,公开
CN114411767A,一种松散变形边坡加固结构的施工方法,2021-11-30,2022-04-29,中铁二院工程集团有限责任公司,姚裕春 | 程云 | 周和祥 | 吴沛沛 | 赵青海 | 葛学军 | 胡会星 | 张耀 | 宋成建 | 封志军,公开
CN105865108A,一种厘米级方形冰块制取装置及其制冰方法和应用,2016-06-16,2016-08-17,中国科学院水利部成都山地灾害与环境研究所,苏志满 | 杨情情 | 苏立君,授权
CN206948778U,利用气压补偿技术的通信设备,2017-06-20,2018-01-30,成都旭思特科技有限公司,张小川 | 罗志刚 | 王东,授权
CN105865108B,一种厘米级方形冰块制取装置及其制冰方法和应用,2016-06-16,2018-09-25,中国科学院水利部成都山地灾害与环境研究所,苏志满 | 杨情情 | 苏立君,授权
CN108693200A,一种无损追踪水泥净浆受硫酸盐侵蚀破坏的定量表征方法,2018-04-09,2018-10-23,东南大学,张云升 | 杨永敢 | 刘乃东,驳回
CN110067588A,基于相变蓄冷的隧道冷风系统,2019-04-08,2019-07-30,东南大学,张国柱 | 姜国栋 | 刘松玉 | 王维 | 陈家威,授权
CN110134753A,一种基于GIS框架的深埋超长隧道岩爆风险评估方法,2019-05-21,2019-08-16,中国科学院武汉岩土力学研究所,邱士利 | 李邵军 | 匡智浩 | 王钱款 | 王金鑫,授权
CN210766808U,一种高位滑坡综合防护体系,2019-05-09,2020-06-16,中铁二院工程集团有限责任公司,魏永幸 | 叶世斌 | 李井元 | 姚昊宇,授权
CN111301455A,一种高原铁路客车车体,2020-03-03,2020-06-19,青岛四方庞巴迪铁路运输设备有限公司,武建军 | 张伟 | 王磊 | 王开团 | 姜靓,实质审查 | 一案双申
CN111550267A,隧道初期支护结构及施工方法,2020-05-26,2020-08-18,中山大学 | 浩吉铁路股份有限公司,皮圣 | 梁禹 | 黄林冲,授权
CN111648806A,一种伞状结构吸能锚杆装置,2020-07-09,2020-09-11,中国科学院地质与地球物理研究所,郭松峰 | 祁生文 | 张世殊 | 马行东 | 袁国庆 | 王修华 | 郑博文 | 邹宇 | 黄晓林 | 梁宁 | 李航 | 刘宇博 | 贺建先 | 姚祥龙 | 台大平 | 罗光明,授权
CN211765533U,一种高原铁路客车车体,2020-03-03,2020-10-27,青岛四方庞巴迪铁路运输设备有限公司,武建军 | 张伟 | 王磊 | 王开团 | 姜靓,授权 | 一案双申
CN211898466U,一种大型深层滑坡防治结构,2020-03-24,2020-11-10,中铁二院工程集团有限责任公司,张东卿 | 周文洋 | 何婧 | 冯子亮 | 曾锐 | 李睿 | 张硕 | 张涛 | 姜瑞雪 | 牟迪 | 肖杭,授权
CN111975245A,免涂装耐候钢桥用抗拉强度650MPa级埋弧自动焊焊丝及盘条,2020-09-02,2020-11-24,燕山大学,王青峰 | 胡兵 | 赵丽洋 | 李方敏 | 杨志瀚 | 何江里,授权
CN112064652A,护坡单体、生态护坡及其装配方法,2020-09-10,2020-12-11,石家庄铁道大学,张骞 | 张子航 | 赵维刚 | 徐景涛 | 张泽雨 | 许芳,授权
CN112129619A,深部软岩质量评价方法及系统,2020-09-10,2020-12-25,武汉大学,王中伟 | 刘泉声,授权
CN110067588B,基于相变蓄冷的隧道冷风系统,2019-04-08,2021-01-12,东南大学,张国柱 | 姜国栋 | 刘松玉 | 王维 | 陈家威,授权
CN110134753B,一种基于GIS框架的深埋超长隧道岩爆风险评估方法,2019-05-21,2021-04-23,中国科学院武汉岩土力学研究所,邱士利 | 李邵军 | 匡智浩 | 王钱款 | 王金鑫,授权
CN111550267B,隧道初期支护结构及施工方法,2020-05-26,2021-04-30,中山大学 | 浩吉铁路股份有限公司,皮圣 | 梁禹 | 黄林冲,授权
CN111648806B,一种伞状结构吸能锚杆装置,2020-07-09,2021-05-14,中国科学院地质与地球物理研究所,郭松峰 | 祁生文 | 张世殊 | 马行东 | 袁国庆 | 王修华 | 郑博文 | 邹宇 | 黄晓林 | 梁宁 | 李航 | 刘宇博 | 贺建先 | 姚祥龙 | 台大平 | 罗光明,授权
CN111975245B,免涂装耐候钢桥用抗拉强度650MPa级埋弧自动焊焊丝及盘条,2020-09-02,2021-07-27,燕山大学,王青峰 | 胡兵 | 赵丽洋 | 李方敏 | 杨志瀚 | 何江里,授权
CN213916732U,一种细化焊缝晶粒的焊轨机,2020-10-26,2021-08-10,成都西点自动化设备有限公司,谭克顺 | 谭克利 | 谭克胜 | 段利华,授权
CN112129619B,深部软岩质量评价方法及系统,2020-09-10,2021-08-17,武汉大学,王中伟 | 刘泉声,授权
CN113933481A,一种冻融条件下岩石裂隙实时监测系统及方法,2021-10-14,2022-01-14,重庆大学 | 中国科学院武汉岩土力学研究所,张君岳 | 刘桓兑 | 李银平 | 王贵宾 | 马洪岭,实质审查
CN215669105U,一种深层滑坡防治结构,2021-09-02,2022-01-28,襄阳地质基础工程有限责任公司,姚志龙 | 陈刚华,授权
CN114244088A,一种内电双源牵引变流器主电路,2021-12-30,2022-03-25,中车永济电机有限公司,陈宏 | 马瑞 | 王雷 | 杨会敏 | 苑伟华 | 陈彦肖 | 王晓妮,实质审查
CN112064652B,护坡单体、生态护坡及其装配方法,2020-09-10,2022-04-22,石家庄铁道大学,张骞 | 张子航 | 赵维刚 | 徐景涛 | 张泽雨 | 许芳,授权
CN114396071A,一种挡土组件及其连接植筋锚固方法,2022-01-14,2022-04-26,中铁二院工程集团有限责任公司,陈伟志 | 叶世斌 | 王鸿 | 张建文 | 李安洪 | 吴沛沛 | 刘勇 | 蒋关鲁 | 庞应刚 | 郭在旭,公开
CN205224057U,冰水堆积物路堑边坡加固防护结构,2015-11-13,2016-05-11,中铁二院工程集团有限责任公司,姚裕春 | 吴沛沛 | 袁报,避重授权 | 一案双申
CN105297748A,冰水堆积物路堑边坡加固防护结构,2015-11-13,2016-02-03,中铁二院工程集团有限责任公司,姚裕春 | 吴沛沛 | 袁报 | 魏永幸 | 袁碧玉,授权 | 一案双申
CN108385697A,一种植物砖及铁路路基边坡绿化方法,2018-01-31,2018-08-10,四川铁创科技有限公司,周璐 | 龚建辉 | 李宁 | 刘名君 | 曾永红 | 吴沛沛 | 叶世斌 | 周成 | 李楚根 | 王开云 | 葛学军 | 孙晓 | 陈伟志 | 胡杰,驳回
CN105297748B,冰水堆积物路堑边坡加固防护结构,2015-11-13,2018-11-23,中铁二院工程集团有限责任公司,姚裕春 | 吴沛沛 | 袁报 | 魏永幸 | 袁碧玉,授权 | 一案双申
CN110542568A,轨道涡流制动性能试验装置及其试验方法,2019-09-20,2019-12-06,西南交通大学,马光同 | 李婧 | 宋旭亮 | 王一宇 | 赵正伟 | 徐帅,实质审查
CN111044256A,一种滑坡-堰塞坝-溃坝洪水灾害链演进过程模拟的试验装置及方法,2019-12-26,2020-04-21,大连理工大学,年廷凯 | 吴昊 | 赵维 | 李东阳 | 郑德凤,实质审查
CN210977490U,一种具备大扩挖能力的TBM刀盘,2019-11-22,2020-07-10,中铁工程装备集团有限公司,李建斌 | 张宁川 | 陶磊 | 金雪红 | 王建 | 杨添任,授权
CN111539150A,一种基于强度理论的裂缝扩展路径计算方法,2020-05-09,2020-08-14,大连理工大学,唐世斌 | 孙康 | 唐春安 | 李佳明 | 王嘉戌,实质审查
CN212129174U,一种适应冻胀融沉的边坡防护预制齿合锁扣块组件,2020-03-25,2020-12-11,中交第一公路勘察设计研究院有限公司 | 中铁十一局集团第二工程有限公司,王佐 | 苏卫卫 | 田敏哲 | 邹伟 | 盖卫鹏 | 刘军勇 | 尹利华,授权
CN112713595A,一种基于组合式变换器的贯通供电系统,2021-01-27,2021-04-27,西华大学,夏焰坤,实质审查 | 一案双申
CN112765392A,一种基于图像匹配的高铁列控定位方法及其系统,2021-04-08,2021-05-07,北京全路通信信号研究设计院集团有限公司,贾云光 | 姚文华 | 岳朝鹏 | 于晓泉 | 杨明 | 陈立华 | 张文汇 | 刘鸿飞 | 徐宗奇 | 曲博,授权
CN112946006A,裂隙岩心渗透注浆充填效果检测方法及系统,2021-02-04,2021-06-11,武汉大学,吴志军 | 张锶浪 | 翁磊,授权
CN112765392B,一种基于图像匹配的高铁列控定位方法及其系统,2021-04-08,2021-07-06,北京全路通信信号研究设计院集团有限公司,贾云光 | 姚文华 | 岳朝鹏 | 于晓泉 | 杨明 | 陈立华 | 张文汇 | 刘鸿飞 | 徐宗奇 | 曲博,授权
CN113494299A,一种利用NPR材料的隧道岩爆分级防治方法,2021-07-22,2021-10-12,河海大学,朱淳 | 卫云波 | 王锦国 | 李云剑 | 孟庆祥 | 乐慧琳,实质审查
CN214755528U,一种基于组合式变换器的贯通供电系统,2021-01-27,2021-11-16,西华大学,夏焰坤,授权 | 一案双申
CN112946006B,裂隙岩心渗透注浆充填效果检测方法及系统,2021-02-04,2022-02-01,武汉大学,吴志军 | 张锶浪 | 翁磊,授权
CN114033433A,一种高原高地应力隧道二衬裂缝监控施工方法,2021-11-16,2022-02-11,中铁十二局集团有限公司 | 中铁十二局集团第二工程有限公司,杨文斌 | 乔志斌 | 白国峰 | 王涛 | 李明 | 曾根龙 | 杨玉彬 | 李建军 | 刘渺 | 党绪平 | 张志民 | 张晓亮,实质审查
CN114045866A,一种基于协调变形的加筋悬臂式挡墙及其设计、施工方法,2021-11-24,2022-02-15,中铁二院工程集团有限责任公司,吴沛沛 | 周和祥 | 李安洪 | 姚裕春 | 李宁 | 周成 | 曾永红 | 龚建辉 | 付铭川 | 胡超 | 胡会星 | 葛学军 | 朱曦 | 周川滨,实质审查
CN114294063A,一种隧道围岩有害气体快速分段探测装置及方法,2021-12-30,2022-04-08,重庆大学,周小涵 | 刘新荣 | 王? | 张馨元 | 王群力 | 张吉禄 | 钟祖良,实质审查
CN110144908A,一种深层注浆加固滑坡构造及其构筑方法,2019-05-09,2019-08-20,中铁二院工程集团有限责任公司,魏永幸 | 叶世斌 | 葛学军 | 胡会星,实质审查
CN110206560A,一种适用于大变形软岩隧道的自适应复合衬砌结构,2019-05-22,2019-09-06,同济大学,乔亚飞 | 王博 | 肖颖鸣 | 赵天驰 | 丁文其 | 何满潮,实质审查 | 一案双申
CN110795852A,考虑电热耦合影响的机车端电压预估方法,2019-10-31,2020-02-14,兰州交通大学,孙立军 | 田铭兴 | 徐金阳 | 张慧英 | 王黎 | 邢东峰 | 赵珊鹏,实质审查
CN210482280U,装配式矩形桩结构,2019-07-29,2020-05-08,中铁二院工程集团有限责任公司,杨泉 | 徐骏 | 高柏松 | 郭海强 | 王占盛 | 李炼 | 陶奇 | 庞林,授权
CN210483744U,一种适用于大变形软岩隧道的自适应复合衬砌结构,2019-05-22,2020-05-08,同济大学,乔亚飞 | 王博 | 肖颖鸣 | 赵天驰 | 丁文其 | 何满潮,授权 | 一案双申
CN111187023A,一种火成岩石粉用矿物改性剂,2020-01-14,2020-05-22,中国铁道科学研究院集团有限公司铁道建筑研究所 | 中国铁道科学研究院集团有限公司 | 中国国家铁路集团有限公司 | 北京铁锋建筑工程技术有限公司,谢永江 | 谭盐宾 | 李康 | 冯仲伟 | 李林香 | 杨鲁 | 葛昕 | 王浩 | 王琳 | 谢亮 | 胡凡 | 齐婧 | 饶云兵,公开
CN111188620A,一种高地温隧道岩爆防治装置,2020-01-13,2020-05-22,西南交通大学,严健 | 何川 | 汪波 | 董唯杰 | 徐国文,授权
CN111980711A,一种新型结构竖井钻机,2020-09-07,2020-11-24,中煤特殊凿井有限责任公司 | 中煤第三建设(集团)有限责任公司,亓燕秋 | 刘伟军 | 王宗金 | 杨光 | 赵伟峰 | 付新鹏 | 晏中俊 | 李新利,实质审查 | 一案双申
CN212296364U,一种新型结构竖井钻机,2020-09-07,2021-01-05,中煤特殊凿井有限责任公司 | 中煤第三建设(集团)有限责任公司,亓燕秋 | 刘伟军 | 王宗金 | 杨光 | 赵伟峰 | 付新鹏 | 晏中俊 | 李新利,授权 | 一案双申
CN212358520U,一种适应冻融变形的边坡排水预制仿生构件,2020-03-25,2021-01-15,中交第一公路勘察设计研究院有限公司 | 中交二公局第四工程有限公司,王佐 | 苏卫卫 | 黄建忠 | 刘军勇 | 尹利华 | 盖卫鹏 | 沈鹏,授权
CN112756746A,一种高寒地区Q500qENH耐候钢复合对接焊的工艺方法,2020-12-28,2021-05-07,中铁九桥工程有限公司 | 中铁高新工业股份有限公司,陈潜 | 郭红艳 | 潘云龙 | 付建辉 | 王磊 | 王中美 | 王员根 | 李方敏 | 朱东明 | 向华 | 徐慰玉 | 高波 | 黄勇 | 黄旭光 | 王明 | 刘翔 | 肖辉东,授权
CN111188620B,一种高地温隧道岩爆防治装置,2020-01-13,2021-05-28,西南交通大学,严健 | 何川 | 汪波 | 董唯杰 | 徐国文,授权
CN112959513A,混凝土隧洞内智能化自适应拌合系统及方法,2021-01-29,2021-06-15,清华大学 | 重庆交通大学 | 华能西藏雅鲁藏布江水电开发投资有限公司 | 华能集团技术创新中心有限公司,安雪晖 | 周力 | 李鹏飞 | 刘微 | 杜三林 | 杨传根,实质审查
CN113153423A,高寒地区隧道大型重力辅助环路热管防冻系统及其方法,2021-04-19,2021-07-23,西南交通大学,袁艳平 | 钟巍 | 周锦志 | 张楠 | 张雨婷 | 闵皖东,实质审查
CN214035718U,一种自钻式让压中空锚杆,2020-12-24,2021-08-24,中铁二院工程集团有限责任公司 | 成都现代万通锚固技术有限公司,李奎 | 陶伟明 | 喻渝 | 胡炜 | 谭信荣 | 龙旭 | 高泊松 | 赵万强 | 郑长青 | 王志强 | 吴航 | 徐骏 | 谭永杰 | 黎旭 | 唐思聪,授权
CN113323672A,硬岩大跨度隧道大型机械化钻爆开挖快速施工方法,2021-06-30,2021-08-31,中铁十局集团有限公司 | 中铁十局集团城市轨道交通工程有限公司,白建军 | 刘顿 | 刘t | 刘伟 | 张奇 | 唐伟伟 | 郭新平 | 陈雷 | 贾兴文,实质审查
CN113944096A,一种轻质仰拱栈桥及其车辆通行控制方法,2021-10-28,2022-01-18,中铁二十局集团有限公司,李金魁 | 任少强 | 张欢 | 吴应明 | 王平安 | 贺显林 | 罗宗帆 | 杨星智 | 刘超 | 吕富兴 | 李校珂 | 董博,实质审查
CN114112466A,一种用于模拟隧道掘进机掘进状态的实验平台,2021-11-24,2022-03-01,盾构及掘进技术国家重点实验室 | 中铁隧道局集团有限公司,韩伟锋 | 李凤远 | 曾垂刚 | 周建军 | 任颖莹 | 郭璐 | 王雅文 | 陈瑞祥 | 高会中 | 王凯,实质审查
CN112756746B,一种高寒地区Q500qENH耐候钢复合对接焊的工艺方法,2020-12-28,2022-04-19,中铁九桥工程有限公司 | 中铁高新工业股份有限公司,陈潜 | 郭红艳 | 潘云龙 | 付建辉 | 王磊 | 王中美 | 王员根 | 李方敏 | 朱东明 | 向华 | 徐慰玉 | 高波 | 黄勇 | 黄旭光 | 王明 | 刘翔 | 肖辉东,授权
CN114412408A,一种水平绳索取心用钻孔内涌水阻隔装置,2022-01-06,2022-04-29,中国地质科学院探矿工艺研究所,吴金生 | 罗显粱 | 王久全 | 张继东 | 黄晓林,公开
CN206467640U,水平梁式格栅型肋槛泥石流排导装置,2017-02-16,2017-09-05,中国科学院、水利部成都山地灾害与环境研究所,游勇 | 孙昊 | 柳金峰 | 杨东旭 | 刘道川,未缴年费
CN205417236U,一种电气化铁路牵引供电加强构造,2015-11-24,2016-08-03,西南交通大学,李群湛 | 解绍锋 | 郭锴 | 贺建闽,授权
CN110748358A,一种寒区隧道洞口双面保温系统,2019-08-27,2020-02-04,西南交通大学,严健 | 何川 | 晏启祥 | 徐国文 | 蒙伟 | 张钧博 | 马杲宇,实质审查
CN111138106A,一种铁路高性能混凝土用火成岩质矿物掺和料,2020-01-15,2020-05-12,中国铁道科学研究院集团有限公司铁道建筑研究所 | 中国铁道科学研究院集团有限公司 | 中国国家铁路集团有限公司 | 北京铁锋建筑工程技术有限公司,谢永江 | 谭盐宾 | 李康 | 冯仲伟 | 李林香 | 杨鲁 | 葛昕 | 王浩 | 王琳 | 谢亮 | 胡凡 | 齐婧 | 饶云兵,公开
CN111156050A,一种隧道防护台车,2020-01-16,2020-05-15,中铁十六局集团有限公司 | 中铁十六局集团北京建功机械有限公司,马栋 | 吴庆红 | 王武现 | 孙毅 | 李燕松 | 向大强 | 马利 | 闫肃 | 武彬华 | 冯义涛 | 李永刚,实质审查 | 一案双申
CN111188630A,一种取热吸能让压隧道结构,2020-01-14,2020-05-22,西南交通大学 | 陕西v通材料有限公司,严健 | 何川 | 董唯杰 | 汪波 | 徐国文,授权 | 权利转移
CN111236036A,活动断裂带有砟轨道铁路桥梁结构、构造方法和修复方法,2020-03-12,2020-06-05,中铁二院工程集团有限责任公司,姚裕春 | 张耀 | 程云 | 刘洋 | 高继涛,实质审查
CN111504780A,黏结裂纹模型中的岩石软化曲线确定方法及装置,2020-04-07,2020-08-07,武汉大学,王中伟 | 刘泉声,授权
CN211623487U,一种隧道防护台车,2020-01-16,2020-10-02,中铁十六局集团有限公司 | 中铁十六局集团北京建功机械有限公司,马栋 | 吴庆红 | 王武现 | 孙毅 | 李燕松 | 向大强 | 马利 | 闫肃 | 武彬华 | 冯义涛 | 李永刚,授权 | 一案双申
CN111806235A,一种车地一体多功能应急储能供电系统及其控制方法,2020-07-22,2020-10-23,西南交通大学 | 中车株洲电力机车有限公司,戴朝华 | 李密 | 柳晓峰 | 李涛,实质审查
CN112096413A,一种适用于高地温隧道的隔热降温系统及其实现方法,2020-09-22,2020-12-18,中铁二院工程集团有限责任公司,陶伟明 | 郑长青 | 曹 | 曾勤 | 范鹤 | 匡亮 | 张志强 | 余刚 | 华阳 | 粟威 | 吴林 | 刘金松 | 黎旭 | 唐思聪 | 陈彬科,实质审查
CN112142359A,一种干、湿喷混凝土两用型粉状无碱速凝剂及其制备和使用方法,2020-09-25,2020-12-29,福泉凯威特新材料有限公司 | 云南凯威特新材料股份有限公司,刘玮 | 陈家荣 | 王庄 | 陈星蓉 | 白进利 | 吴现叶,实质审查
CN111188630B,一种取热吸能让压隧道结构,2020-01-14,2021-01-29,西南交通大学 | 陕西v通材料有限公司,严健 | 何川 | 董唯杰 | 汪波 | 徐国文,授权 | 权利转移
CN111504780B,黏结裂纹模型中的岩石软化曲线确定方法及装置,2020-04-07,2021-02-02,武汉大学,王中伟 | 刘泉声,授权
CN112593987A,一种粘结锚固型先锚式让压中空锚杆及锚固方法,2020-12-24,2021-04-02,中铁二院工程集团有限责任公司 | 成都现代万通锚固技术有限公司,李奎 | 陶伟明 | 喻渝 | 胡炜 | 谭信荣 | 龙旭 | 高泊松 | 赵万强 | 郑长青 | 王志强 | 吴航 | 徐骏 | 谭永杰 | 黎旭 | 唐思聪,实质审查
CN112627002A,一种适用于隧道穿越巨型溶洞的连续梁桥及其施工技术方法,2020-12-17,2021-04-09,中铁十四局集团建筑工程有限公司,冯国森 | 于明洋 | 孙亚飞 | 王孝波 | 王伟伟,实质审查
CN113153195A,一种用于高地应力环境取心装置的压力调节系统及方法,2021-01-04,2021-07-23,成都理工大学,郑明明 | 王凯 | 王晓宇 | 韦猛 | 张广泽 | 冯涛 | 徐正宣 | 王栋,实质审查
CN113187422A,一种高地应力环境钻进中可拆卸式保应力岩心容纳装置,2021-01-04,2021-07-30,成都理工大学,郑明明 | 王晓宇 | 王凯 | 韦猛 | 张广泽 | 冯涛 | 徐正宣 | 王栋,实质审查
CN113567497A,一种模拟冰缘型冻土边坡变形破坏的试验装置及试验方法,2021-07-27,2021-10-29,中国地质大学(武汉),孙思璇 | 唐辉明 | 安鹏举 | 于博帆 | 张永权 | 苏雪雪 | 唐春燕 | 方,实质审查
CN113740223A,一种用于工业CT扫描的岩土体温度-渗流耦合装置,2021-08-13,2021-12-03,昆明理工大学,张家明 | 陈茂 | 龙郧铠 | 邱培城,实质审查
CN113931670A,一种组合式可注浆预应力大变形锚杆及其施工方法,2021-10-14,2022-01-14,中铁隧道集团二处有限公司 | 中铁隧道局集团有限公司 | 四川师范大学 | 中建八局装饰工程有限公司,郭新新 | 于家武 | 张永海 | 王睿 | 唐绍武 | 王洪鹏 | 龙文华 | 周希涛 | 侯京通 | 刘智华 | 杨鑫 | 陈国安 | 陈军 | 蒋富强 | 李佳耀 | 黎景雄 | 邓小刚 | 乔书珍 | 朱芳浩 | 赵宝锋,实质审查
CN114381634A,具有双球壳结构析出相耐热铝锆合金电缆材料及其制备方法,2021-12-11,2022-04-22,江西理工大学,张嘉艺 | 陈梓欣 | 陈继强,实质审查
CN108490485A,双线隧道微震监测系统及其定位精度评估方法,2018-06-20,2018-09-04,成都理工大学,马春驰 | 李天斌 | 张航 | 韩r萱 | 周雄华 | 高美奔,实质审查
CN109687721A,三相10kV转单相27.5kV检修用机车电源装置,2018-12-24,2019-04-26,珠海万力达电气自动化有限公司,姚鹏 | 朱志伟 | 汝萍 | 李波 | 邵海 | 范强军 | 林子超 | 邓志浩 | 邓科 | 林林 | 何奇瑞 | 黄涛,授权
CN110080817A,基于相变蓄冷的隧道通风降温系统,2019-04-08,2019-08-02,东南大学,张国柱 | 陈家威 | 刘松玉 | 王维 | 姜国栋,授权
CN110480834A,一种混凝土工作性快速恢复系统,2019-07-16,2019-11-22,中国铁道科学研究院集团有限公司铁道建筑研究所 | 中国铁道科学研究院集团有限公司 | 中国国家铁路集团有限公司,王家赫 | 李享涛 | 谢永江 | 仲新华 | 张良奇 | 李冠峰 | 黄鲲鹏 | 渠亚男 | 朱长华 | 苏婉玉 | 孔庆欣 | 裘智辉 | 李连吉,公开
CN209703297U,箱梁巡检机器人,2019-01-16,2019-11-29,武汉瑞敏检测科技有限公司,吕伟 | 胡旭东 | 潘万齐 | 李伟龙,授权
CN111140265A,岩爆防护台车防护网以及防护台车防护架,2020-01-16,2020-05-12,中铁十六局集团有限公司 | 中铁十六局集团北京建功机械有限公司,马栋 | 吴庆红 | 王武现 | 孙毅 | 李燕松 | 闫肃 | 武彬华 | 马利 | 冯义涛 | 李永刚,实质审查 | 一案双申
CN111254954A,一种具有抗震排水功能的抗滑桩组件及其施工方法,2020-03-24,2020-06-09,中铁二院工程集团有限责任公司,张东卿 | 薛元 | 张建文 | 刘菀茹 | 肖朝乾 | 周波 | 周文洋 | 张硕 | 张涛 | 姜瑞雪 | 邱永平,实质审查
CN111378898A,一种500MPa免涂装耐候钢及其制造方法,2020-04-23,2020-07-07,湖南华菱涟源钢铁有限公司,余强 | 董常福 | 周剑丰 | 汪宏兵 | 肖爱达 | 梁亮 | 郑庆 | 李光辉,实质审查
CN111502675A,高地应力软弱破碎围岩大断面隧道交叉口施工的支护方法,2020-04-29,2020-08-07,中国矿业大学(北京) | 甘肃长达路业有限责任公司,陶志刚 | 乔小兵 | 王丰年 | 何满潮 | 米蒙 | 范晋琰 | 罗森林,授权
CN211205704U,一种滑坡-堰塞坝-溃坝洪水灾害链演进过程模拟装置,2019-12-26,2020-08-07,大连理工大学,年廷凯 | 吴昊 | 赵维 | 李东阳 | 郑德凤,授权
CN211453618U,用于模拟地下岩石激光掘进的实验装置,2020-01-15,2020-09-08,湖南科技大学,袁越 | 尚玺 | 秦坚 | 朱永建 | 王卫军,授权
CN211598691U,岩爆防护台车防护网以及防护台车防护架,2020-01-16,2020-09-29,中铁十六局集团有限公司 | 中铁十六局集团北京建功机械有限公司,马栋 | 吴庆红 | 王武现 | 孙毅 | 李燕松 | 闫肃 | 武彬华 | 马利 | 冯义涛 | 李永刚,授权 | 一案双申
CN111794732A,一种断层破碎带软岩地应力估算方法,2020-05-22,2020-10-20,中国科学院武汉岩土力学研究所,陈卫忠 | 李 | 田洪铭 | 张广泽 | 王栋 | 杨建平 | 田云,授权
CN111879608A,基于声发射事件发生率的岩石长期强度的定性测试方法,2020-06-05,2020-11-03,山东黄金矿业科技有限公司深井开采实验室分公司,侯奎奎 | 王剑波 | 胡忠强 | 程力 | 刘焕新 | 朱明德 | 张皓钦,撤回
CN112129618A,软岩三轴强度评估方法及系统,2020-09-10,2020-12-25,武汉大学,王中伟 | 刘泉声 | 王宇轩,授权
CN212296401U,一种跨越活动断裂带抗错动的隧道复合式衬砌结构,2020-04-05,2021-01-05,中铁二院工程集团有限责任公司,陈锡武 | 殷召念 | 黄华 | 郑伟 | 王若晨 | 朱勇 | 邸成 | 姜波 | 张磊 | 熊国兴 | 卿伟宸 | 吴华 | 朱宏 | 范磊 | 曾宏飞,授权
CN110080817B,基于相变蓄冷的隧道通风降温系统,2019-04-08,2021-01-12,东南大学,张国柱 | 陈家威 | 刘松玉 | 王维 | 姜国栋,授权
CN112239831A,高韧高寒铁路钢轨及其生产方法,2020-10-19,2021-01-19,攀钢集团攀枝花钢铁研究院有限公司,袁俊 | 邹明 | 邓勇 | 杨大巍,实质审查
CN212389344U,硬岩悬臂掘进机,2020-04-24,2021-01-22,中铁工程装备集团隧道设备制造有限公司,田野 | 胡森旭,授权
CN112324459A,一种适用于穿越断层及软岩大变形区段的让压衬砌结构,2020-10-29,2021-02-05,成都理工大学,信春雷 | 郑清 | 李先明 | 文浩宇 | 周鹏发,实质审查
CN112610256A,一种自钻式让压中空锚杆及锚固方法,2020-12-24,2021-04-06,中铁二院工程集团有限责任公司 | 成都现代万通锚固技术有限公司,李奎 | 陶伟明 | 喻渝 | 胡炜 | 谭信荣 | 龙旭 | 高泊松 | 赵万强 | 郑长青 | 王志强 | 吴航 | 徐骏 | 谭永杰 | 黎旭 | 唐思聪,实质审查
CN112620888A,一种高寒地区Q500qENH耐候钢单面焊双面成型的工艺方法,2020-12-28,2021-04-09,中铁九桥工程有限公司 | 中铁高新工业股份有限公司,郭红艳 | 付建辉 | 陈潜 | 梁辉 | 黄旭光 | 李方敏 | 朱东明 | 王员根 | 李正兵 | 潘云龙 | 徐慰玉 | 高波 | 王磊 | 黄勇 | 刘翔 | 肖辉东 | 王中美,授权
CN109687721B,三相10kV转单相27.5kV检修用机车电源装置,2018-12-24,2021-07-20,珠海万力达电气自动化有限公司,姚鹏 | 朱志伟 | 汝萍 | 李波 | 邵海 | 范强军 | 林子超 | 邓志浩 | 邓科 | 林林 | 何奇瑞 | 黄涛,授权
CN113339873A,一种寒区高地温隧道新型防寒抗冻系统及方法,2021-06-07,2021-09-03,西南交通大学,曾艳华 | 周小涵 | 任小川 | 陶亮亮 | 李杰 | 严晓楠,实质审查
CN112129618B,软岩三轴强度评估方法及系统,2020-09-10,2021-11-16,武汉大学,王中伟 | 刘泉声 | 王宇轩,授权
CN113671151A,一种冰碛土聚冰演化过程室内模型试验系统,2021-07-27,2021-11-19,西安科技大学,申艳军 | 魏欣 | 李雪婷 | 张蕾,实质审查
CN111502675B,高地应力软弱破碎围岩大断面隧道交叉口施工的支护方法,2020-04-29,2021-11-26,中国矿业大学(北京) | 甘肃长达路业有限责任公司,陶志刚 | 乔小兵 | 王丰年 | 何满潮 | 米蒙 | 范晋琰 | 罗森林,授权
CN113754386A,一种抗紫外辐射混凝土及其制备方法,2021-10-26,2021-12-07,云南中建西部建设有限公司 | 中建西部建设西南有限公司 | 中建西部建设股份有限公司,兰聪 | 王军 | 张远 | 袁文韬 | 李晓欢 | 唐天明 | 刘东 | 张武宗,实质审查
CN111794732B,一种断层破碎带软岩地应力估算方法,2020-05-22,2022-01-28,中国科学院武汉岩土力学研究所,陈卫忠 | 李 | 田洪铭 | 张广泽 | 王栋 | 杨建平 | 田云,授权
CN114137160A,一种隧道开挖扰动下围岩有害气体的运移实验装置及其方法,2021-11-23,2022-03-04,重庆大学,刘新荣 | 王? | 周小涵 | 张馨元 | 张吉禄,实质审查
CN216197950U,一种适用于大口径水平工程地质勘探的绳索取心钻具,2021-10-25,2022-04-05,武汉金瑞威基础工程有限公司,李永育 | 吴跃钢 | 孙国存,授权
CN216203975U,一种隧道施工用加湿降温风机,2021-11-11,2022-04-05,洛阳市高林隧道环境控制技术有限公司,陆懋成 | 奂炯睿 | 范鹏 | 贾冬 | 陆立鸥 | 车永斌,授权
CN112620888B,一种高寒地区Q500qENH耐候钢单面焊双面成型的工艺方法,2020-12-28,2022-04-19,中铁九桥工程有限公司 | 中铁高新工业股份有限公司,郭红艳 | 付建辉 | 陈潜 | 梁辉 | 黄旭光 | 李方敏 | 朱东明 | 王员根 | 李正兵 | 潘云龙 | 徐慰玉 | 高波 | 王磊 | 黄勇 | 刘翔 | 肖辉东 | 王中美,授权
CN109667622A,隧道围岩长期变形灾害控制系统及控制方法,2018-11-22,2019-04-23,中国电建集团成都勘测设计研究院有限公司,陈炜韬 | 张子晗 | 唐辉,授权
CN110173273A,一种硬岩双层自平衡伸缩截割臂及悬臂掘进机,2019-05-27,2019-08-27,中铁工程装备集团隧道设备制造有限公司,崔学普 | 张征 | 李k曦 | 史业波,实质审查 | 一案双申
CN209780913U,一种铁路隧道长效性支护系统,2019-02-13,2019-12-13,中国铁道科学研究院集团有限公司铁道建筑研究所 | 中国铁道科学研究院集团有限公司 | 中国铁路经济规划研究院有限公司 | 中铁第一勘察设计院集团有限公司 | 中国中铁二院工程集团有限责任公司,韩自力 | 叶阳升 | 马伟斌 | 林传年 | 黄双林 | 刘名君 | 刘国庆 | 谭永杰 | 张松琦 | 付兵先 | 马荣田 | 邹文浩 | 郭小雄 | 李尧 | 王志伟 | 杜晓燕 | 安哲立 | 赵鹏 | 马超锋 | 牛亚彬 | 柴金飞 | 程爱君,授权
CN209891218U,大能力阻滑体系,2019-03-14,2020-01-03,中铁二院工程集团有限责任公司,杨泉 | 徐骏 | 郭海强 | 李安洪 | 魏永幸 | 高柏松 | 王占盛 | 李炼 | 肖飞知,授权
CN210370654U,一种硬岩双层自平衡伸缩截割臂及悬臂掘进机,2019-05-27,2020-04-21,中铁工程装备集团隧道设备制造有限公司,崔学普 | 张征 | 李k曦 | 史业波,授权 | 一案双申
CN111116844A,一种引气型聚羧酸减水剂及其制备方法,2020-01-18,2020-05-08,广东汇强外加剂有限公司,林炎坤,授权
CN111173467A,一种适用于大口径地质钻探的绳索取心钻具,2020-03-03,2020-05-19,湖南科技大学,王佳亮 | 彭奋飞 | 万步炎,实质审查 | 一案双申
CN109667622B,隧道围岩长期变形灾害控制系统及控制方法,2018-11-22,2020-05-19,中国电建集团成都勘测设计研究院有限公司,陈炜韬 | 张子晗 | 唐辉,授权
CN111561332A,一种山岭隧道隔震防水保温高聚物的施工方法,2020-04-25,2020-08-21,中山大学 | 中交第一公路勘察设计研究院有限公司,王复明 | 汪双杰 | 郭成超 | 孙博 | 马雪 | 韩常领 | 董长松,实质审查
CN211648053U,一种适用于大口径地质钻探的绳索取心钻具,2020-03-03,2020-10-09,湖南科技大学,王佳亮 | 彭奋飞 | 万步炎,授权 | 一案双申
CN111965091A,热冲击与动力冲击耦合下岩石渗流特性测试装置及方法,2020-09-17,2020-11-20,中南大学,李夕兵 | 陈江湛 | 尹土兵,实质审查
CN111975244A,免涂装耐候钢桥用抗拉强度650MPa级CO2气体保护焊丝及盘条,2020-09-02,2020-11-24,燕山大学,王青峰 | 胡兵 | 赵丽洋 | 李伟伟 | 刘东博,授权
CN112171103A,一种细化焊缝晶粒的焊轨机及方法,2020-10-26,2021-01-05,成都西点自动化设备有限公司,谭克顺 | 谭克利 | 谭克胜 | 段利华,实质审查
CN112180966A,一种飞艇长航时随机测点三分量航空广域勘测系统,2020-10-15,2021-01-05,深圳市广域鹏翔研究开发有限公司,任禹桥 | 凌帆 | 王泽深,实质审查
CN111975244B,免涂装耐候钢桥用抗拉强度650MPa级CO2气体保护焊丝及盘条,2020-09-02,2021-07-27,燕山大学,王青峰 | 胡兵 | 赵丽洋 | 李伟伟 | 刘东博,授权
CN113220009A,一种隧道衬砌检测用正压式爬壁机器人及其控制方法,2021-07-08,2021-08-06,中国铁路设计集团有限公司 | 铁三院(天津)检测科技有限公司,曹虎 | 张吉 | 崔庆国 | 李志华 | 任春山 | 隋孝民 | 何明峰 | 王银 | 冯彦谦 | 薄会申 | 刘占峰,授权
CN113268852A,一种基于蒙特卡洛模拟的地震滑坡概率危险性分析方法,2021-04-14,2021-08-17,西南交通大学,程印 | 王建锋 | 杨玉萍 | 袁冉 | 张迎宾 | 余海洪,授权
CN214099186U,一种电气化铁路高原高海拔防水防火电缆,2020-12-15,2021-08-31,信承瑞技术有限公司,寇亚亚 | 郭姣 | 詹国立 | 陶欣怡,授权
CN113220009B,一种隧道衬砌检测用正压式爬壁机器人及其控制方法,2021-07-08,2021-09-21,中国铁路设计集团有限公司 | 铁三院(天津)检测科技有限公司,曹虎 | 张吉 | 崔庆国 | 李志华 | 任春山 | 隋孝民 | 何明峰 | 王银 | 冯彦谦 | 薄会申 | 刘占峰,授权
CN113569389A,在岩体初始地应力场反演中构造边界荷载形式的确定方法,2021-07-07,2021-10-29,西南交通大学 | 叙镇铁路有限责任公司,何川 | 蒙伟 | 严健 | 唐勇 | 孙晋锋 | 唐进才 | 唐俊林 | 廖烟开 | 王皋,实质审查
CN113567254A,一种恒定法向刚度条件下含结构面岩石剪切蠕变-冲击试验机及其试验方法,2021-08-31,2021-10-29,辽宁工程技术大学,宋洋 | 王贺平 | 李昂 | 范波 | 李永启 | 徐筱锋 | 祝百茹,实质审查
CN214763347U,一种液体聚羧酸减水剂真空低温干燥装置,2021-04-09,2021-11-19,河北三楷深发科技股份有限公司,邢亮臣 | 韩瑞涛 | 张天梦 | 王文彬 | 李红双,授权
CN111116844B,一种引气型聚羧酸减水剂及其制备方法,2020-01-18,2022-01-25,广东汇强外加剂有限公司,林炎坤,授权
CN215632999U,一种抗岩爆多段耗能支护装置,2021-08-27,2022-01-25,昆明理工大学,李克钢 | 徐港 | 李明亮 | 秦庆词 | 张文涛 | 娄颖豪 | 陈则黄,授权
CN113268852B,一种基于蒙特卡洛模拟的地震滑坡概率危险性分析方法,2021-04-14,2022-02-22,西南交通大学,程印 | 王建锋 | 杨玉萍 | 袁冉 | 张迎宾 | 余海洪,授权
CN114277777A,一种基于协调变形的加筋式桩板墙及其设计、施工方法,2021-11-24,2022-04-05,中铁二院工程集团有限责任公司,吴沛沛 | 周和祥 | 胡会星 | 李安洪 | 姚裕春 | 李宁 | 周成 | 曾永红 | 龚建辉 | 葛学军 | 朱曦 | 付铭川 | 胡超 | 周川滨,实质审查
CN107168396A,应用于高海拔环境的射频装置,2017-06-20,2017-09-15,成都旭思特科技有限公司,张小川 | 罗志刚 | 王东,撤回
CN109556563A,一种小孔径隧洞模型试验的径向位移测量装置,2019-01-08,2019-04-02,中国科学院武汉岩土力学研究所,江权 | 刘晓裴 | 张家新 | 史应恩 | 乔兰 | 李远 | 宫凤强,授权
CN109554623A,屈服强度550MPa级耐候桥梁钢板及其生产方法,2018-12-07,2019-04-02,唐山中厚板材有限公司 | 唐山钢铁集团有限责任公司 | 河钢股份有限公司唐山分公司,刘宝喜 | 张阔斌 | 尹绍江 | 郑文超 | 梁桂梅 | 安海玉 | 杜秀珍 | 郝鑫 | 刘忠满,驳回
CN109944626A,隧道相变蓄冷降温系统,2019-04-08,2019-06-28,东南大学,张国柱 | 王维 | 刘松玉 | 姜国栋 | 陈家威,授权
CN110145345A,一种用于超高地温隧道通风散热支护结构及使用方法,2019-07-12,2019-08-20,中铁五局集团第一工程有限责任公司,曹振兴 | 朱胥仁 | 彭学军 | 吴彪 | 陈佐林 | 陈彬 | 李一萍 | 阳军生 | 王薇 | 李林毅 | 刘守花 | 杨俊峰 | 杨曾 | 汤宇 | 李传书 | 苗永旺,授权
CN110145345B,一种用于超高地温隧道通风散热支护结构及使用方法,2019-07-12,2019-10-22,中铁五局集团第一工程有限责任公司,曹振兴 | 朱胥仁 | 彭学军 | 吴彪 | 陈佐林 | 陈彬 | 李一萍 | 阳军生 | 王薇 | 李林毅 | 刘守花 | 杨俊峰 | 杨曾 | 汤宇 | 李传书 | 苗永旺,授权
CN109556563B,一种小孔径隧洞模型试验的径向位移测量装置,2019-01-08,2020-05-19,中国科学院武汉岩土力学研究所,江权 | 刘晓裴 | 张家新 | 史应恩 | 乔兰 | 李远 | 宫凤强,授权
CN111305353A,适应冻融变形的边坡排水预制仿生构件及施工方法,2020-03-25,2020-06-19,中交第一公路勘察设计研究院有限公司 | 中交二公局第四工程有限公司,王佐 | 苏卫卫 | 黄建忠 | 刘军勇 | 尹利华 | 盖卫鹏 | 沈鹏,实质审查
CN110940693B,一种评价裂隙岩体抗冻性能的试验方法,2019-10-29,2020-06-30,成都理工大学,崔圣华 | 裴向军 | 魏玉峰 | 杨晴雯 | 邹雪晴 | 芮雪莲,授权
CN111462606A,一种交通隧道群烟雾窜流研究和应急救援系统,2020-04-21,2020-07-28,合肥工业大学,唐飞 | 赵尊信 | 朱元涛 | 王强 | 董满生 | 侯超群 | 丁建勋 | 石琴,授权
CN111561344A,便于隧道运载的隧道降温车,2020-06-08,2020-08-21,中国铁建投资集团有限公司,林福地 | 黄君,授权
CN111649723A,面向复杂地形的贴近摄影三维航迹与姿态规划方法及装置,2020-05-29,2020-09-11,武汉大学,陶鹏杰 | 张祖勋 | 段延松 | 柯涛 | 席可 | 何佳男,授权
CN111911193A,水下靶点封堵铁路隧道深竖井突涌水构造及施工方法,2020-07-26,2020-11-10,中铁二院工程集团有限责任公司,朱廷宇 | 杨昌宇 | 王唤龙 | 邸成 | 范圣明 | 朱勇 | 宋智来 | 刘黎 | 范磊 | 王贵虎 | 李昕晖 | 刘建兵 | 曾劲 | 曾云川 | 桂林岗 | 徐军 | 黄智 | 胡金星,实质审查
CN109944626B,隧道相变蓄冷降温系统,2019-04-08,2020-12-29,东南大学,张国柱 | 王维 | 刘松玉 | 姜国栋 | 陈家威,授权
CN112228131A,穿断层隧道柔性隔离结构及工程岩体大变形灾害控制方法,2020-09-17,2021-01-15,中国矿业大学(北京),陶志刚 | 何满潮 | 郭爱鹏 | 王振雨 | 邓飞,实质审查
CN112252161A,一种桥梁结构减震装置,2020-10-27,2021-01-22,中铁桥研科技有限公司 | 中铁大桥局集团有限公司 | 中铁大桥科学研究院有限公司,汪正兴 | 吕江 | 李东超 | 尹琪 | 盛能军 | 刘鹏飞 | 张汉卫 | 陶金峰 | 王泽豪 | 程震 | 谢世达 | 赵海威 | 赵智达,实质审查
CN112575670A,一种适用于隧道穿越巨型溶洞的T形刚构桥及其施工技术,2020-12-17,2021-03-30,中铁十四局集团建筑工程有限公司,冯国森 | 于明洋 | 孙亚飞 | 王孝波 | 王伟伟,实质审查
CN112620898A,一种高寒地区Q500qENH耐候钢角接接头焊接工艺方法,2020-12-28,2021-04-09,中铁九桥工程有限公司 | 中铁高新工业股份有限公司,李方敏 | 郭红艳 | 陈潜 | 徐慰玉 | 黄勇 | 朱东明 | 王员根 | 高波 | 付建辉 | 潘云龙 | 黄旭光 | 王磊 | 李正兵 | 刘翔 | 肖辉东 | 王中美,实质审查
CN111649723B,面向复杂地形的贴近摄影三维航迹与姿态规划方法及装置,2020-05-29,2021-04-20,武汉大学,陶鹏杰 | 张祖勋 | 段延松 | 柯涛 | 席可 | 何佳男,授权
CN213275196U,一种土体冻融交界面直剪试验装置,2020-09-07,2021-05-25,中国科学院西北生态环境资源研究院,何鹏飞 | 穆彦虎 | 黄永庭 | 栗晓林 | 马巍,授权
CN213329064U,护坡单体及生态护坡,2020-09-10,2021-06-01,石家庄铁道大学,张子航 | 张骞 | 赵维刚 | 徐景涛 | 张泽雨 | 许芳,授权
CN113063814A,一种模拟低温钢轨表面遇暖湿气流冷凝析水的可视化装置,2021-02-18,2021-07-02,华东交通大学 | 西南交通大学,沈明学 | 李圣鑫 | 李含欣 | 肖叶龙 | 何晓荣 | 王文健 | 熊光耀 | 朱F昊,实质审查
CN213743432U,一种跨活断层隧道的柔性连接装置及隧道衬砌结构,2020-10-12,2021-07-20,中国科学院武汉岩土力学研究所,周辉 | 沈贻欢 | 卢景景 | 朱勇 | 徐福通,授权
CN213934315U,箱体式直埋光缆接头盒防护箱,2020-09-14,2021-08-10,通号工程局集团有限公司 | 通号工程局集团有限公司天津分公司,韩炳旭 | 刘鹏 | 李梓晨 | 朱爱河 | 张昊 | 李佩珂 | 张国燕,授权
CN214033332U,一种横向粘滞流体阻尼器及桥梁结构,2020-10-27,2021-08-24,中铁桥研科技有限公司 | 中铁大桥局集团有限公司 | 中铁大桥科学研究院有限公司,汪正兴 | 吕江 | 李东超 | 尹琪 | 盛能军 | 刘鹏飞 | 张汉卫 | 陶金峰 | 王泽豪 | 程震 | 谢世达 | 赵海威 | 赵智达,授权
CN113389576A,一种让压支护结构,2021-06-30,2021-09-14,中南大学,雷明锋 | 朱彬彬 | 贾朝军 | 赵晨阳 | 黄娟 | 施成华 | 郑可跃 | 龚琛杰,实质审查
CN113492733A,一种牵引网分布式发电供电系统及控制方法,2021-09-08,2021-10-12,西南交通大学,李群湛 | 黄小红 | 马庆安 | 解绍锋 | 吴波,授权
CN113492733B,一种牵引网分布式发电供电系统及控制方法,2021-09-08,2021-11-26,西南交通大学,李群湛 | 黄小红 | 马庆安 | 解绍锋 | 吴波,授权
CN114047071A,基于结构试验平台的并联式疲劳试验装置,2021-11-22,2022-02-15,中国船舶科学研究中心,韦朋余 | 陈哲 | 曾庆波 | 黄旭峰 | 张若楠 | 王连,实质审查
CN111561344B,便于隧道运载的隧道降温车,2020-06-08,2022-03-01,中国铁建投资集团有限公司,林福地 | 黄君,授权
CN114282766A,一种无埋藏冰冰碛堤的冰碛湖溃决的易发性判断方法,2021-11-26,2022-04-05,成都理工大学,余斌 | 何元勋 | 叶鹏 | 许强 | 汤明高,实质审查
CN111462606B,一种交通隧道群烟雾窜流研究和应急救援系统,2020-04-21,2022-04-26,合肥工业大学,唐飞 | 赵尊信 | 朱元涛 | 王强 | 董满生 | 侯超群 | 丁建勋 | 石琴,授权
CN106979867A,大尺寸非饱和结构性高原冰碛层原状土样的取样方法,2017-04-27,2017-07-25,广东中煤江南工程勘测设计有限公司,谢春庆,授权 | 权利转移
CN208525683U,一种用于高海拔高处作业的供氧系统,2018-05-31,2019-02-22,鲁飞 | 张国强 | 郑超 | 陈海峰 | 朱纯 | 章和高,鲁飞 | 张国强 | 郑超 | 陈海峰 | 朱纯 | 章和高,授权
CN106979867B,大尺寸非饱和结构性高原冰碛层原状土样的取样方法,2017-04-27,2019-08-23,广东中煤江南工程勘测设计有限公司,谢春庆,授权 | 权利转移
CN110485402A,利用变角度倾斜钻孔探查河床覆盖层的方法,2019-07-23,2019-11-22,长江岩土工程有限公司,黄振伟 | 曾立新 | 刘浩 | 张明强 | 潘坤 | 雷明 | 汪勇 | 马力刚 | 程方权 | 冯进伟 | 门春文 | 黄海宇 | 肖冬顺 | 袁洋洋 | 倪柱柱 | 李迷 | 张行 | 赵冰波 | 茆金柱,授权
CN110991265A,一种火车票图像的版面提取方法,2019-11-13,2020-04-10,四川大学,王俊峰 | 唐鹏 | 高琳 | 陈懿,授权
CN111060676A,一种用于模拟地下岩石激光掘进的实验装置及方法,2020-01-15,2020-04-24,湖南科技大学,袁越 | 尚玺 | 秦坚 | 朱永建 | 王卫军,实质审查
CN111119986A,防护台车支架,2020-01-16,2020-05-08,中铁十六局集团有限公司 | 中铁十六局集团北京建功机械有限公司,马栋 | 向大强 | 吴庆红 | 王武现 | 孙毅 | 李燕松 | 闫肃 | 武彬华 | 马利 | 冯义涛 | 李永刚,撤回
CN210482332U,一种深层注浆加固滑坡构造,2019-05-09,2020-05-08,中铁二院工程集团有限责任公司,魏永幸 | 叶世斌 | 葛学军 | 胡会星,授权
CN210596837U,一种分布式太阳能高原铁路冻土地基加固装置,2019-03-14,2020-05-22,江苏工程职业技术学院,林森,未缴年费
CN111254953A,一种大型深层滑坡防治结构及其施工方法,2020-03-24,2020-06-09,中铁二院工程集团有限责任公司,张东卿 | 薛元 | 刘菀茹 | 肖朝乾 | 周波 | 周文洋 | 张硕 | 张涛 | 姜瑞雪 | 邱永平,实质审查
CN111504779A,利用脆性指数确定岩石软化曲线的方法及装置,2020-04-07,2020-08-07,武汉大学,王中伟 | 刘泉声,授权
CN111561343A,一种便于射流方向智能调节的隧道降温车,2020-06-08,2020-08-21,中国铁建投资集团有限公司,林福地 | 黄君,授权
CN111828062A,一种基于大变形隧道环向释压导洞的锚筒结构及其施工方法,2020-07-30,2020-10-27,高速铁路建造技术国家工程实验室 | 中南大学,余志武 | 傅金阳 | 税明东 | 徐光阳 | 王宇,实质审查
CN212428915U,一种低湿度的隧道降温通风装置,2020-05-07,2021-01-29,中国铁建投资集团有限公司,林福地 | 黄君,授权
CN112575790A,一种基坑冻土挡墙装置及冻结方法,2020-12-03,2021-03-30,中铁建设集团基础设施建设有限公司,陈静 | 钱增志 | 韩锋,授权
CN111504779B,利用脆性指数确定岩石软化曲线的方法及装置,2020-04-07,2021-04-16,武汉大学,王中伟 | 刘泉声,授权
CN110485402B,利用变角度倾斜钻孔探查河床覆盖层的方法,2019-07-23,2021-04-20,长江岩土工程有限公司,黄振伟 | 曾立新 | 刘浩 | 张明强 | 潘坤 | 雷明 | 汪勇 | 马力刚 | 程方权 | 冯进伟 | 门春文 | 黄海宇 | 肖冬顺 | 袁洋洋 | 倪柱柱 | 李迷 | 张行 | 赵冰波 | 茆金柱,授权
CN213088013U,一种适于活动断层破碎带的可错动隧道结构,2020-09-14,2021-04-30,浙江华东工程咨询有限公司 | 中国电建集团华东勘测设计研究院有限公司,张强 | 陈永红 | 艾洲洋 | 张毅 | 徐浩,授权
CN112924129A,高位危岩体防护结构冲击响应多维度大型模拟试验设备,2021-03-16,2021-06-08,中铁西北科学研究院有限公司,吴红刚 | 牌立芳 | 关伟,实质审查
CN113237725A,一种用于冰-土混合体的低温标准化制样装置及制样方法,2021-07-13,2021-08-10,中国科学院、水利部成都山地灾害与环境研究所,王姣 | 崔鹏 | 王睿 | 刘振兴 | 李长冬,实质审查
CN113392449A,一种大跨度拱座复合基础的优化设计方法,2021-06-01,2021-09-14,中铁二院工程集团有限责任公司,陈克坚 | 戴胜勇 | 李恒 | 陈建峰 | 张志勇 | 刘忠平 | 袁蔚 | 向律楷 | 彭福兵 | 刘和亮,实质审查
CN112575790B,一种基坑冻土挡墙装置,2020-12-03,2022-02-11,中铁建设集团基础设施建设有限公司,陈静 | 钱增志 | 韩锋,授权
CN114061815A,基于岩体声波信号的隧道地应力方向测试装置及方法,2021-11-29,2022-02-18,山东大学,石少帅 | 路杰 | 张涛 | 赵瑞杰 | 郭伟东 | 曹天宇 | 祝向向 | 李咸森,实质审查
CN110991265B,一种火车票图像的版面提取方法,2019-11-13,2022-03-04,四川大学,王俊峰 | 唐鹏 | 高琳 | 陈懿,授权
CN114203371A,一种用于固体绝缘模块的导电嵌件连接结构,2021-11-09,2022-03-18,北京中车赛德铁道电气科技有限公司,张东远 | 李春广 | 王栋 | 姜赞 | 王梓明,实质审查
CN114233350A,软岩隧道中预应力锚固系统的机械快速施工方法,2021-12-20,2022-03-25,西南交通大学,汪波 | 王东 | 魏夏鹏 | 王振宇 | 郭新新,实质审查
CN111561343B,一种便于射流方向智能调节的隧道降温车,2020-06-08,2022-03-25,中国铁建投资集团有限公司,林福地 | 黄君,授权
CN105109362A,一种电气化铁路牵引供电系统,2015-09-14,2015-12-02,西南交通大学,李群湛 | 易东 | 王保国 | 解绍锋 | 王祖峰 | 郭锴 | 李强 | 景德炎 | 贺建闽 | 邓琴 | 李亚楠 | 刘再民 | 李志锋 | 刘炜 | 陈民武 | 张丽艳,授权 | 一案双申
CN105109362B,一种电气化铁路牵引供电系统,2015-09-14,2017-08-08,西南交通大学,李群湛 | 易东 | 王保国 | 解绍锋 | 王祖峰 | 郭锴 | 李强 | 景德炎 | 贺建闽 | 邓琴 | 李亚楠 | 刘再民 | 李志锋 | 刘炜 | 陈民武 | 张丽艳,授权 | 一案双申
CN204978290U,一种电气化铁路牵引供电构造,2015-09-14,2016-01-20,西南交通大学,李群湛 | 易东 | 王保国 | 解绍锋 | 王祖峰 | 郭锴 | 李强 | 景德炎 | 贺建闽 | 邓琴 | 李亚楠 | 刘再民 | 李志锋 | 刘炜 | 陈民武 | 张丽艳,避重授权 | 一案双申
CN111690417A,一种用于高含水率黏土填料的改良剂、路基填筑施工方法,2020-06-12,2020-09-22,中国铁道科学研究院集团有限公司铁道建筑研究所 | 中国铁道科学研究院集团有限公司,陈锋 | 王仲锦 | 曾帅 | 张栋 | 邓逆涛 | 张千里 | 闫宏业,授权
CN111764888A,模拟隧道开挖的可视化装置,2020-07-01,2020-10-13,中国科学院地质与地球物理研究所,毛天桥 | 李晓 | 李守定 | 赫建明 | 何鹏飞 | 郑博 | 张召彬 | 李关访 | 武艳芳,授权
CN111798065A,一种高寒作业环境下的应急物资调配优化方法,2020-07-14,2020-10-20,西南交通大学 | 中铁二局集团有限公司,徐君翔 | 张锦 | 郭静妮 | 刘卫华 | 马辉,实质审查
CN211849517U,一种具有抗震排水功能的抗滑桩组件,2020-03-24,2020-11-03,中铁二院工程集团有限责任公司,张东卿 | 李斌 | 何婧 | 刘菀茹 | 曾锐 | 牟迪 | 周文洋 | 张硕 | 张涛 | 姜瑞雪 | 肖杭,授权
CN212454514U,一种高地温地质隧道基于台车的降温系统,2020-09-09,2021-02-02,河北工业大学,张一鸣 | 高慧 | 杨雪晴 | 高之然,授权
CN112362458A,模拟开挖卸荷诱发缓倾层状岩体隧道底鼓的试验方法,2020-11-30,2021-02-12,长安大学,黄达 | 钟助 | 彭建兵 | 宫凤强 | 岑夺丰 | 宋宜祥,实质审查
CN112446151A,显式动力学地应力初始化方法、系统、介质、计算机设备,2020-11-26,2021-03-05,四川大学,王蒙 | 万端莹 | 朱哲明 | 李萧翰 | 舒S | 应鹏,授权
CN111764888B,模拟隧道开挖的可视化装置,2020-07-01,2021-03-16,中国科学院地质与地球物理研究所,毛天桥 | 李晓 | 李守定 | 赫建明 | 何鹏飞 | 郑博 | 张召彬 | 李关访 | 武艳芳,授权
CN111690417B,一种用于高含水率黏土填料的改良剂、路基填筑施工方法,2020-06-12,2021-05-25,中国铁道科学研究院集团有限公司铁道建筑研究所 | 中国铁道科学研究院集团有限公司,陈锋 | 王仲锦 | 曾帅 | 张栋 | 邓逆涛 | 张千里 | 闫宏业,授权
CN213262030U,一种单线铁路接触网腕臂固定装置,2020-09-30,2021-05-25,中铁电气化局集团西安电气化工程有限公司,徐世鹏 | 王金闯 | 杨志泉 | 高飞 | 张亚峰 | 赵卫东 | 李国新,授权
CN112986124A,模拟深层环境侵蚀与材料性能劣化的实时评价装置及方法,2021-05-14,2021-06-18,湖南大学,康馨 | 陈永青 | 陈仁朋,授权
CN112986124B,模拟深层环境侵蚀与材料性能劣化的实时评价装置及方法,2021-05-14,2021-08-03,湖南大学,康馨 | 陈永青 | 陈仁朋,授权
CN113458568A,一种中碳钢钢轨的野外焊接方法,2021-08-09,2021-10-01,攀钢集团攀枝花钢铁研究院有限公司,白威 | 李大东 | 陆鑫 | 徐飞翔,实质审查
CN214616608U,一种粘结锚固型先锚式让压中空锚杆,2020-12-24,2021-11-05,中铁二院工程集团有限责任公司 | 成都现代万通锚固技术有限公司,李奎 | 陶伟明 | 喻渝 | 胡炜 | 谭信荣 | 龙旭 | 高泊松 | 赵万强 | 郑长青 | 王志强 | 吴航 | 徐骏 | 谭永杰 | 黎旭 | 唐思聪,授权
CN113860787A,一种适用于高原寒冷地区的双组份无碱速凝剂及使用方法,2021-02-01,2021-12-31,中国铁道科学研究院集团有限公司铁道建筑研究所 | 中国铁道科学研究院集团有限公司 | 中国铁路总公司 | 北京铁锋建筑工程技术有限公司,王家赫 | 谢永江 | 冯仲伟 | 谭盐宾 | 仲新华 | 李享涛 | 渠亚男,实质审查
CN113997958A,一种带动力电池车的三动力机车组及可扩展牵引拓扑结构,2021-12-03,2022-02-01,中车资阳机车有限公司,郭力 | 朱兵 | 王平华 | 何国福 | 张斌,实质审查
CN112446151B,显式动力学地应力初始化方法、系统、介质、计算机设备,2020-11-26,2022-02-11,四川大学,王蒙 | 万端莹 | 朱哲明 | 李萧翰 | 舒S | 应鹏,授权
CN114148063A,一种复合防水卷材及其制备方法和应用,2021-10-28,2022-03-08,金发科技股份有限公司 | 成都金发科技新材料有限公司,陈锬 | 陈平绪 | 叶南飚 | 刘乐文 | 付晓,实质审查
CN114152405A,泥石流模拟试验装置,2021-10-26,2022-03-08,同济大学,郑鸿超 | 石振明 | 潘青 | 俞松波,实质审查
CN114393181A,一种超高强塑韧高锰钢及其拼装辙叉和制备方法,2022-01-29,2022-04-26,燕山大学,张福成 | 陈晨 | 金淼 | 杨志南,公开
CN110158620A,一种高位滑坡综合防护体系及构筑方法,2019-05-09,2019-08-23,中铁二院工程集团有限责任公司,魏永幸 | 叶世斌 | 李井元 | 姚昊宇,实质审查
CN110160949A,用于高速气流下的列车绝缘材料耐候性试验装置,2019-06-18,2019-08-23,西南交通大学,张血琴 | 张玉翠 | 郭裕钧 | 刘凯 | 吴广宁 | 高国强 | 杨雁 | 杨泽峰,授权
CN110204228A,早期强度高的低热硅酸盐水泥及其制备方法和应用,2019-06-06,2019-09-06,中国建筑材料科学研究总院有限公司,王敏 | 刘云 | 黄文 | 高显束 | 张坤悦 | 王晶 | 文寨军 | 王显斌,实质审查
CN110568477A,一种隧洞施工时滞型岩爆时空预警方法,2019-09-04,2019-12-13,中国科学院武汉岩土力学研究所,陈炳瑞 | 朱新豪 | 王旭 | 李涛 | 魏凡博,授权
CN111256760A,一种综合一体化磨损诊断与健康运维系统,2020-03-03,2020-06-09,广州机械科学研究院有限公司,黄兴 | 谭桂斌 | 贺石中,实质审查
CN111313465A,含光伏与混合储能装置的柔性牵引供电系统能量管理方法,2020-03-07,2020-06-19,西南交通大学,陈民武 | 程哲 | 刘元立 | 程一林 | 吕亚博 | 张迪雅 | 陈垠宇 | 卢文杰,实质审查
CN111305258A,装配式抗震抗冻融变形波纹板刚柔型挡土墙,2020-03-25,2020-06-19,中交第一公路勘察设计研究院有限公司 | 中铁十一局集团第二工程有限公司 | 中交二公局第四工程有限公司,苏卫卫 | 田敏哲 | 黄建忠 | 邹伟 | 尹利华 | 刘军勇 | 张发如 | 张超,实质审查 | 一案双申
CN111422104A,应用于交流复线电气化铁路双边供电方式的分区所构造,2020-03-29,2020-07-17,中铁二院工程集团有限责任公司,邓云川 | 林宗良 | 李剑 | 杨佳 | 刘涛 | 智慧 | 刘孟恺,实质审查 | 一案双申
CN111561341A,一种隧道降温车,2020-05-30,2020-08-21,中国铁建投资集团有限公司,林福地 | 黄君,实质审查
CN111975246A,免涂装耐候钢桥用抗拉强度650MPa级富氩气体保护焊丝及盘条,2020-09-02,2020-11-24,燕山大学,王青峰 | 胡兵 | 李英奎 | 杨志瀚 | 李旭超 | 胡文俊 | 孙舵 | 肖丙政 | 范益,授权
CN110568477B,一种隧洞施工时滞型岩爆时空预警方法,2019-09-04,2020-11-24,中国科学院武汉岩土力学研究所,陈炳瑞 | 朱新豪 | 王旭 | 李涛 | 魏凡博,授权
CN212129216U,一种装配式抗震抗冻融变形波纹板刚柔型挡土墙,2020-03-25,2020-12-11,中交第一公路勘察设计研究院有限公司 | 中铁十一局集团第二工程有限公司 | 中交二公局第四工程有限公司,苏卫卫 | 田敏哲 | 黄建忠 | 邹伟 | 尹利华 | 刘军勇 | 张发如 | 张超,授权 | 一案双申
CN212459739U,一种拱桥结构风速传感器安装构造,2020-08-03,2021-02-02,中铁二院工程集团有限责任公司,苏延文 | 曾永平 | 颜永逸 | 郑晓龙 | 刘孜学 | 陶奇 | 杨国静 | 徐昕宇 | 陈星宇 | 宋晓东,授权
CN112444363A,一种用于振动台刚性模型箱的水平地应力加载装置,2020-09-30,2021-03-05,北京工业大学,陶连金 | 张宇 | 赵旭 | 宋卓华 | 韩学川 | 安韶,实质审查
CN112551993A,一种抗冻混凝土,2021-02-06,2021-03-26,济南大学,赵鹏 | 秦磊 | 刘庚乐 | 史凤娇 | 封浩,公开
CN213354231U,应用于交流复线电气化铁路双边供电方式的分区所构造,2020-03-29,2021-06-04,中铁二院工程集团有限责任公司,邓云川 | 林宗良 | 李剑 | 杨佳 | 刘涛 | 智慧 | 刘孟恺,授权 | 一案双申
CN213676443U,一种整体式腕臂预装配平台,2020-09-30,2021-07-13,中铁电气化局集团西安电气化工程有限公司,刘永新 | 邓志光 | 刘育祥 | 李宏斌 | 石奎 | 张新峰 | 徐天鹏 | 姚康,授权
CN111975246B,免涂装耐候钢桥用抗拉强度650MPa级富氩气体保护焊丝及盘条,2020-09-02,2021-07-30,燕山大学,王青峰 | 胡兵 | 李英奎 | 杨志瀚 | 李旭超 | 胡文俊 | 孙舵 | 肖丙政 | 范益,授权
CN110160949B,用于高速气流下的列车绝缘材料耐候性试验装置,2019-06-18,2021-08-17,西南交通大学,张血琴 | 张玉翠 | 郭裕钧 | 刘凯 | 吴广宁 | 高国强 | 杨雁 | 杨泽峰,授权
CN215108904U,铁路隧道深大竖井地面超深预注浆与工作面多点堵漏构造,2020-07-26,2021-12-10,中铁二院工程集团有限责任公司,王唤龙 | 范圣明 | 杨昌宇 | 朱廷宇 | 邸成 | 宋智来 | 朱勇 | 范磊 | 王贵虎 | 李昕晖 | 曾云川 | 刘黎 | 曾劲 | 刘建兵 | 桂林岗 | 徐军 | 黄智 | 胡金星,授权
CN113807724A,一种基于综合风险评价的弃碴场选址方法,2021-09-24,2021-12-17,上海交通大学 | 中央财经大学,曾赛星 | 李玉龙 | 苏涵 | 潘俊昊 | 陈宏权,实质审查
CN215977306U,一种承台桩结构,2021-05-24,2022-03-08,中建二局土木工程集团有限公司,杨德 | 冯金波 | 李金会 | 丁学正 | 廖满平 | 刘荣斌,授权
CN114186730A,一种冰碛型泥石流暴发频率的预测模型,2021-12-07,2022-03-15,中国地质调查局成都地质调查中心,铁永波 | 卢佳燕 | 李光辉,实质审查
CN109972461A,一种分布式太阳能高原铁路冻土地基加固装置及工作方法,2019-03-14,2019-07-05,江苏工程职业技术学院,林森,授权
CN110645445A,一种无机纳米粉末复合绝热毡及其制备方法,2019-09-20,2020-01-03,铁科创恒新材料科技有限公司 | 江西运腾工程材料有限公司,王姣 | 朱长伟 | 王建,实质审查
CN210221513U,轨道涡流制动性能试验装置,2019-09-20,2020-03-31,西南交通大学,马光同 | 李婧 | 宋旭亮 | 王一宇 | 赵正伟 | 徐帅,授权
CN111103321A,便携式积雪含水率测试仪及其测试方法,2020-01-14,2020-05-05,西南交通大学,巫锡勇 | 文洪 | 廖昕 | 范展宁 | 张清全 | 向世谊 | 边瑞 | 徐正宣 | 王栋 | 王哲威 | 谢荣强,实质审查
CN111262245A,一种计及光伏不确定性的牵引供电系统能量管理优化运行方法,2020-03-07,2020-06-09,西南交通大学,陈民武 | 黄晨 | 解炎山 | 王彦 | 廖人霖 | 李寅轩 | 刘元立 | 陈垠宇 | 肖迪文,授权
CN111322090A,一种用于控制高地应力硬质岩隧道围岩变形的支护方法,2020-02-28,2020-06-23,中铁五局集团第一工程有限责任公司 | 中南大学 | 中铁二院工程集团有限责任公司,彭学军 | 王荣波 | 朱胥仁 | 方星桦 | 汤宇 | 杨曾 | 杨文国 | 杨俊峰 | 李一萍 | 李林毅 | 钟东 | 彭雨杨 | 阳军生 | 谭鹰 | 童昌 | 何林云 | 谢志勇,授权
CN111335342A,一种高位滑坡防治结构及施工方法,2020-04-13,2020-06-26,中铁二院工程集团有限责任公司,薛元 | 张东卿 | 王智猛 | 周波 | 张建文 | 刘菀茹 | 蒋恒 | 付正道 | 李睿 | 肖杭,实质审查
CN111335338A,适应冻胀融沉的边坡防护预制齿合锁扣块组件及拼装方法,2020-03-25,2020-06-26,中交第一公路勘察设计研究院有限公司 | 中铁十一局集团第二工程有限公司,王佐 | 苏卫卫 | 田敏哲 | 邹伟 | 盖卫鹏 | 刘军勇 | 尹利华,实质审查
CN109972461B,一种分布式太阳能高原铁路冻土地基加固装置及工作方法,2019-03-14,2020-08-11,江苏工程职业技术学院,林森,授权
CN111561342A,一种便于热空气采集的隧道降温车,2020-05-30,2020-08-21,中国铁建投资集团有限公司,林福地 | 黄君,授权
CN111576117A,一种穿越活动断层的路基结构及其施工方法,2020-05-13,2020-08-25,中铁二院工程集团有限责任公司,张东卿 | 薛元 | 刘菀茹 | 李安洪 | 王智猛 | 周波 | 张建文 | 沈均 | 周文洋 | 付正道 | 李睿 | 肖杭,授权
CN111963196A,一种用于高地温隧道的风冷式衬砌散热系统,2020-08-28,2020-11-20,西南交通大学,晏启祥 | 李彬嘉 | 吴悦 | 何川 | 李国良,授权
CN112629349A,一种集成管道、隧道岩爆防治装置及其防治方法,2020-12-14,2021-04-09,东北大学,刘造保 | 王厚宇 | 王小凯 | 姚志宾 | 冯涛 | 王栋,授权
CN112765378A,基于图像匹配的电子地图数据结构的构建方法及其系统,2021-04-08,2021-05-07,北京全路通信信号研究设计院集团有限公司,贾云光 | 崔俊锋 | 石晶 | 姚文华 | 王冠 | 杨明春 | 陈立华 | 杨明 | 曲博,授权
CN112765378B,基于图像匹配的电子地图数据结构的构建方法及其系统,2021-04-08,2021-07-06,北京全路通信信号研究设计院集团有限公司,贾云光 | 崔俊锋 | 石晶 | 姚文华 | 王冠 | 杨明春 | 陈立华 | 杨明 | 曲博,授权
CN113268867A,一种基于水热组合的冰川泥石流区域预警方法,2021-05-17,2021-08-17,中国科学院、水利部成都山地灾害与环境研究所,刘双 | 胡凯衡 | 王璋 | 张晓鹏,实质审查
CN113380125A,一种用于模拟地质断层错动的装置,2021-05-07,2021-09-10,中铁二院工程集团有限责任公司,杨长卫 | 谭信荣 | 吴玉芬 | 杨捷 | 高柏松 | 傅丽林,实质审查
CN112629349B,一种集成管道、隧道岩爆防治装置及其防治方法,2020-12-14,2021-10-01,东北大学,刘造保 | 王厚宇 | 王小凯 | 姚志宾 | 冯涛 | 王栋,授权
CN111963196B,一种用于高地温隧道的风冷式衬砌散热系统,2020-08-28,2021-10-08,西南交通大学,晏启祥 | 李彬嘉 | 吴悦 | 何川 | 李国良,授权
CN113523507A,一种桥梁用Q500qENH与Q690qENH复合焊接方法,2021-06-15,2021-10-22,江苏中铁山桥重工有限公司,徐向军 | 刘洪武 | 贝玉成 | 王建国 | 范军旗 | 陈方能 | 刘万里 | 王杰 | 赵飞 | 吴天峰 | 何涛 | 曲岩,实质审查
CN111322090B,一种用于控制高地应力硬质岩隧道围岩变形的支护方法,2020-02-28,2021-12-03,中铁五局集团第一工程有限责任公司 | 中南大学 | 中铁二院工程集团有限责任公司,彭学军 | 王荣波 | 朱胥仁 | 方星桦 | 汤宇 | 杨曾 | 杨文国 | 杨俊峰 | 李一萍 | 李林毅 | 钟东 | 彭雨杨 | 阳军生 | 谭鹰 | 童昌 | 何林云 | 谢志勇,授权
CN111561342B,一种便于热空气采集的隧道降温车,2020-05-30,2022-02-11,中国铁建投资集团有限公司,林福地 | 黄君,授权
CN111576117B,一种穿越活动断层的路基结构及其施工方法,2020-05-13,2022-03-01,中铁二院工程集团有限责任公司,张东卿 | 薛元 | 刘菀茹 | 李安洪 | 王智猛 | 周波 | 张建文 | 沈均 | 周文洋 | 付正道 | 李睿 | 肖杭,授权
CN111262245B,一种计及光伏不确定性的牵引供电系统能量管理优化运行方法,2020-03-07,2022-04-29,西南交通大学,陈民武 | 黄晨 | 解炎山 | 王彦 | 廖人霖 | 李寅轩 | 刘元立 | 陈垠宇 | 肖迪文,授权
CN208251787U,便携式转向板,2018-05-09,2018-12-18,国网西藏电力建设有限公司,确巴 | 彭旺 | 普琼 | 刘兰青 | 次仁 | 占都 | 王建,未缴年费
CN109448536A,一种通风型寒区隧道纵向温度分布实验装置,2018-10-18,2019-03-08,中铁西南科学研究院有限公司,郑波 | 吴剑 | 王刚 | 刘志强 | 刘玉勇 | 郭瑞 | 杜俊 | 史宪明 | 师亚龙,实质审查 | 一案双申
CN109763844A,隧道伸缩式保温隔热结构及隧道保温方法,2019-01-07,2019-05-17,东南大学,张国柱 | 张书棋 | 郭易木 | 陈家威 | 姜国栋 | 王维,授权
CN208921876U,双线隧道微震监测系统,2018-06-20,2019-05-31,成都理工大学,马春驰 | 李天斌 | 张航 | 韩r萱 | 周雄华 | 高美奔,授权
CN110135097A,一种确定铁路隧道坡度折减系数的方法,2019-05-23,2019-08-16,西南交通大学,凌亮 | 王开云 | 翟婉明 | 胡彦霖 | 杨泽钰,实质审查
CN209343642U,一种通风型寒区隧道纵向温度分布实验装置,2018-10-18,2019-09-03,中铁西南科学研究院有限公司,郑波 | 吴剑 | 王刚 | 刘志强 | 刘玉勇 | 郭瑞 | 杜俊 | 史宪明 | 师亚龙,授权 | 一案双申
CN110359450A,装配式圆形桩结构及构筑方法,2019-07-29,2019-10-22,中铁二院工程集团有限责任公司,杨泉 | 徐骏 | 高柏松 | 郭海强 | 王占盛 | 李炼 | 陶奇 | 庞林,实质审查
CN110514342A,快速测定软岩地层地应力的测量装置及方法,2019-09-18,2019-11-29,长江水利委员会长江科学院,韩晓玉 | 付平 | 邬爱清 | 丁秀丽 | 周春华 | 艾凯 | 刘元坤 | 尹健民 | 朱杰兵 | 蒋昱州 | 张新辉 | 卢波 | 黄书岭 | 周朝,实质审查
CN109763844B,隧道伸缩式保温隔热结构及隧道保温方法,2019-01-07,2020-10-09,东南大学,张国柱 | 张书棋 | 郭易木 | 陈家威 | 姜国栋 | 王维,授权
CN212177175U,一种山岭隧道的隔震保温防水结构,2020-04-25,2020-12-18,中山大学 | 中交第一公路勘察设计研究院有限公司,王复明 | 汪双杰 | 郭成超 | 孙博 | 马雪 | 韩常领 | 董长松,授权
CN112256050A,一种无人机电磁探测路径规划方法,2020-09-01,2021-01-22,深圳市广域鹏翔研究开发有限公司,蒋奇云 | 凌帆 | 王泽深,实质审查
CN213181325U,一种土体冻融试验中杆状传感器的固定装置,2020-09-07,2021-05-11,中国科学院西北生态环境资源研究院,黄永庭 | 穆彦虎 | 何鹏飞 | 栗晓林 | 刘富荣 | 马巍,授权
CN112796307A,一种旋挖钻机方桩工法,2021-01-04,2021-05-14,成都欣皓地基基础工程有限责任公司,郑杰 | 郑彪,实质审查
CN113310716A,断层错动对隧洞运行影响真三维物理模拟系统及试验方法,2021-05-19,2021-08-27,山东大学,张强勇 | 张瑞新 | 陈卫忠 | 程磊 | 张振杰 | 王鹏飞 | 向文 | 林韩祥 | 范清涵 | 刘磊,实质审查
CN113373750A,一种陡坡高填土段路基结构及其施工方法,2021-06-30,2021-09-10,中铁二院工程集团有限责任公司,钟亚伟 | 戴胜勇 | 陈克坚 | 陈建峰 | 窦亚超 | 张誉瀚 | 任彬 | 胡会星 | 袁蔚 | 李恒 | 胡丹,实质审查
CN215292549U,一种适用于软岩大变形及高应力地质隧道的吸能锚杆,2021-05-08,2021-12-24,中铁二十五局集团第四工程有限公司 | 中铁二十五局集团第六工程有限公司,李飞 | 孙景超 | 毛盛泰 | 魏磊 | 张恩桥 | 来荣国 | 苏小敏 | 兰天仕 | 唐新华 | 刘飞 | 刘伟 | 王奎胜 | 宋战平 | 张玉伟 | 刘郁冬 | 吴政良 | 蒋若愚 | 付树奎 | 石拓 | 李先健 | 何文庆,授权
CN113859379A,一种履带式行走装置,2021-10-25,2021-12-31,广西岩土钻凿工程科技有限公司 | 桂林航天工业学院,刘忠 | 李源周 | 韦志星 | 黄建成 | 吕勇 | 李慧娴 | 张勇 | 熊中刚,实质审查 | 一案双申
CN113979710A,一种适用于高寒地区的抗腐蚀混凝土及其制备方法,2021-12-10,2022-01-28,黑龙江省公路建设中心 | 交通运输部公路科学研究所,张亮 | 肖阳 | 张宿峰 | 任少辉 | 李鹏飞 | 田波 | 李立辉,实质审查
CN215718951U,高寒地区隧道大型重力辅助环路热管防冻系统,2021-04-19,2022-02-01,西南交通大学,袁艳平 | 钟巍 | 周锦志 | 张楠 | 张雨婷 | 闵皖东,授权
CN216102473U,一种履带式行走装置,2021-10-25,2022-03-22,广西岩土钻凿工程科技有限公司 | 桂林航天工业学院,刘忠 | 李源周 | 韦志星 | 黄建成 | 吕勇 | 李慧娴 | 张勇 | 熊中刚,授权 | 一案双申
CN216157693U,一种中空注浆智能锚杆,2021-08-23,2022-04-01,固远晨通科技发展有限公司,苏谦 | 董敏琪,授权
CN206204764U,一种高速铁路桥上有砟道床防流化轻型结构,2016-11-09,2017-05-31,北京交通大学,井国庆 | 强伟乐 | 李红英 | 付豪 | 肖宏,授权
CN109443809A,涉及列车活塞风因素的寒区隧道纵向温度实验装置,2018-10-18,2019-03-08,中铁西南科学研究院有限公司,郑波 | 吴剑 | 刘志强 | 王刚 | 郭瑞 | 史宪明 | 刘玉勇 | 杜俊 | 师亚龙,实质审查 | 一案双申
CN109914441A,大能力阻滑体系及构筑方法,2019-03-14,2019-06-21,中铁二院工程集团有限责任公司,杨泉 | 徐骏 | 郭海强 | 李安洪 | 魏永幸 | 高柏松 | 王占盛 | 李炼 | 肖飞知,实质审查
CN209085961U,涉及列车活塞风因素的寒区隧道纵向温度实验装置,2018-10-18,2019-07-09,中铁西南科学研究院有限公司,郑波 | 吴剑 | 刘志强 | 王刚 | 郭瑞 | 史宪明 | 刘玉勇 | 杜俊 | 师亚龙,授权 | 一案双申
CN110031241A,模拟复杂环境下列车弓网及绝缘子运行状态的试验装置,2019-05-16,2019-07-19,西南交通大学,张血琴 | 范超 | 郭裕钧 | 刘凯 | 吴广宁 | 高国强 | 杨泽锋 | 杨雁 | 魏文赋 | 高波,授权
CN209163826U,一种高原高寒地震带隧道保温减震结构,2018-11-13,2019-07-26,中交隧道局第四工程有限公司 | 成都交r工程科技有限公司,孙永清 | 李学智 | 刘明江 | 王渊 | 张国强 | 王春早 | 胡川 | 周平,未缴年费
CN110903559A,一种耐高温老化的橡胶止水带及其制备方法,2019-12-11,2020-03-24,河北科信特种橡塑有限公司,胡建生,实质审查
CN111144761A,一种基于典型地下地质灾害风险评价的铁路选线方法,2019-12-27,2020-05-12,成都理工大学,李天斌 | 马俊杰 | 曾鹏 | 吴君艳,实质审查
CN111144762A,一种基于地面地质灾害风险评估的铁路线路筛选方法,2019-12-27,2020-05-12,成都理工大学,李天斌 | 吴君艳 | 马俊杰 | 曾鹏,实质审查
CN111485938A,防护台车支架,2020-05-14,2020-08-04,中铁十六局集团有限公司 | 中铁十六局集团北京建功机械有限公司,马栋 | 向大强 | 吴庆红 | 王武现 | 孙毅 | 李燕松 | 闫肃 | 武彬华 | 马利 | 冯义涛 | 李永刚,撤回
CN111561339A,改善降温风栅降温效率的隧道降温车,2020-05-26,2020-08-21,中国铁建投资集团有限公司,林福地 | 黄君,实质审查
CN212001186U,一种高位滑坡防治结构,2020-04-13,2020-11-24,中铁二院工程集团有限责任公司,张东卿 | 刘菀茹 | 张建文 | 蒋恒 | 付正道 | 杨P | 张理 | 张硕 | 张涛 | 王海波,授权
CN110031241B,模拟复杂环境下列车弓网及绝缘子运行状态的试验装置,2019-05-16,2020-12-08,西南交通大学,张血琴 | 范超 | 郭裕钧 | 刘凯 | 吴广宁 | 高国强 | 杨泽锋 | 杨雁 | 魏文赋 | 高波,授权
CN112065432A,一种穿过活动断层破碎带的隧道结构及其施工方法,2020-09-14,2020-12-11,浙江华东工程咨询有限公司 | 中国电建集团华东勘测设计研究院有限公司,张强 | 陈永红 | 单治钢 | 叶武,实质审查
CN212406764U,一种基于大变形隧道环向释压导洞的锚筒结构,2020-07-30,2021-01-26,高速铁路建造技术国家工程实验室 | 中南大学,余志武 | 傅金阳 | 税明东 | 徐光阳 | 王宇,授权
CN112321179A,一种耐候型低热水泥及其制备方法,2020-11-30,2021-02-05,中建材中研益科技有限公司,张坤悦 | 王敏 | 文寨军 | 郭随华 | 黄文 | 王晶 | 高显束 | 刘云 | 王显斌 | 马忠诚 | 孙明明 | 刘奥,授权
CN112485106A,一种控制土体状态参数的物理模型分层制备与试验方法,2020-10-12,2021-03-12,浙江大学,周燕国 | 马强 | 曹渊 | 陈云敏,授权
CN112695794A,一种预制混凝土L形柱杯口基础,2021-01-07,2021-04-23,中铁建设集团有限公司,曹青 | 侯立群 | 张亚齐 | 殷炳帅 | 董磊 | 王宽 | 翟玉新 | 孙玉龙 | 陈月平,实质审查 | 一案双申
CN112780335A,防护台车支架,2021-01-04,2021-05-11,中铁十六局集团有限公司 | 中铁十六局集团北京建功机械有限公司,马栋 | 向大强 | 吴庆红 | 王武现 | 孙毅 | 李燕松 | 闫肃 | 武彬华 | 马利 | 冯义涛 | 李永刚,实质审查 | 一案双申
CN213180986U,一种高地温围岩隧道结构模拟试验装置,2020-08-26,2021-05-11,西南交通大学,孙明辉 | 王新强 | 晏启祥 | 何川 | 李国良,授权
CN213509776U,一种装配式站台雨棚结构,2021-05-25,2021-06-22,中铁建工集团有限公司,黄学红 | 杨志强 | 王晓东 | 王斌 | 宋宝仓 | 朱向清 | 王东方 | 刘明辉,授权
CN213574191U,一种可移动式隧道通风降温装置,2020-09-10,2021-06-29,中铁环境科技工程有限公司,黄沧 | 王旭伟 | 李青 | 匡文,授权
CN113300395A,一种柔性牵引供电系统混合储能最优容量配置方法,2021-05-26,2021-08-24,成都国佳电气工程有限公司,陈民武 | 梁宗佑 | 陈垠宇 | 赵金玉 | 田忠北 | 崔明建,实质审查
CN214196390U,防护台车支架,2021-01-04,2021-09-14,中铁十六局集团有限公司 | 中铁十六局集团北京建功机械有限公司,马栋 | 向大强 | 吴庆红 | 王武现 | 孙毅 | 李燕松 | 闫肃 | 武彬华 | 马利 | 冯义涛 | 李永刚,授权 | 一案双申
CN214460578U,一种预制混凝土L形柱杯口基础,2021-01-07,2021-10-22,中铁建设集团有限公司,曹青 | 侯立群 | 张亚齐 | 殷炳帅 | 董磊 | 王宽 | 翟玉新 | 孙玉龙 | 陈月平,授权 | 一案双申
CN112485106B,一种控制土体状态参数的物理模型分层制备与试验方法,2020-10-12,2021-11-19,浙江大学,周燕国 | 马强 | 曹渊 | 陈云敏,授权
CN214940101U,一种抗震消能锚头,2021-05-24,2021-11-30,中建二局土木工程集团有限公司,刘驷达 | 李金会 | 柏吉龙 | 冯钿 | 徐新,授权
CN215053214U,一种消能减震反滤层,2021-05-24,2021-12-07,中建二局土木工程集团有限公司,冯钿 | 黄求明 | 徐新 | 李金会 | 刘荣斌 | 常明华 | 谢建立,授权
CN113947014A,基于BIM的隧道火灾应急救援方法、终端及存储介质,2021-09-15,2022-01-18,江苏中云筑智慧运维研究院有限公司 | 东南大学,高帅 | 杨国玉 | 李寒冰 | 王盼 | 万春风 | 杨才千,实质审查
CN114002070A,一种断层活化诱发岩爆和冲击地压的实验方法及装置,2021-09-26,2022-02-01,中国矿业大学,曹安业 | 王桂峰 | 李庚 | 窦林名 | 巩思园 | 蔡武,实质审查
CN112321179B,一种耐候型低热水泥及其制备方法,2020-11-30,2022-03-04,中建材中研益科技有限公司,张坤悦 | 王敏 | 文寨军 | 郭随华 | 黄文 | 王晶 | 高显束 | 刘云 | 王显斌 | 马忠诚 | 孙明明 | 刘奥,授权
CN109900548A,一种低温冻土三轴仪,2019-03-22,2019-06-18,崔凯 | 西南交通大学,崔凯 | 张继勋 | 秦晓同 | 郭国庆,授权
CN110865020A,高原低温低压环境实验模拟箱,2019-12-12,2020-03-06,中南大学 | 中铁二院工程集团有限责任公司 | 中国铁道科学研究院集团有限公司,曾晓辉 | 林艺鹏 | 刘明君 | 谭盐宾 | 潘自立 | 辜英晗 | 赵万强 | 上官明辉 | 龙广成 | 谢友均 | 马聪 | 马昆林,实质审查 | 一案双申
CN210459194U,装配式圆形桩结构,2019-07-29,2020-05-05,中铁二院工程集团有限责任公司,杨泉 | 徐骏 | 高柏松 | 郭海强 | 王占盛 | 李炼 | 陶奇 | 庞林,授权
CN111353239A,岩石脆性指数计算方法及装置,2020-03-26,2020-06-30,武汉大学,王中伟 | 刘泉声,撤回
CN111576240A,一种装配式盖梁施工安全防护一体化平台,2020-06-04,2020-08-25,安徽省公路桥梁工程有限公司,蒋小敏 | 王生涛 | 何涛 | 杨庆 | 张银 | 叶舟 | 王鑫 | 陈忠义,实质审查 | 一案双申
CN111809556A,冰湖溃决型洪水泥石流防治方法,2020-07-22,2020-10-23,中国科学院、水利部成都山地灾害与环境研究所,陈剑刚 | 陈晓清 | 崔鹏 | 游勇 | 陈华勇 | 栗帅 | 唐金波 | 赵万玉 | 曾璐 | 王喜安,授权
CN211785020U,高原低温低压环境实验模拟箱,2019-12-12,2020-10-27,中南大学 | 中铁二院工程集团有限责任公司 | 中国铁道科学研究院集团有限公司,曾晓辉 | 林艺鹏 | 刘明君 | 谭盐宾 | 潘自立 | 辜英晗 | 赵万强 | 上官明辉 | 龙广成 | 谢友均 | 马聪 | 马昆林,授权 | 一案双申
CN112012746A,厚层富水破碎带条件下铁路隧道深大竖井施工方法,2020-07-26,2020-12-01,中铁二院工程集团有限责任公司,王唤龙 | 范圣明 | 杨昌宇 | 朱廷宇 | 邸成 | 宋智来 | 朱勇 | 范磊 | 王贵虎 | 李昕晖 | 曾云川 | 刘黎 | 曾劲 | 刘建兵 | 桂林岗 | 徐军 | 黄智 | 胡金星,实质审查
CN109900548B,一种低温冻土三轴仪,2019-03-22,2020-12-11,崔凯 | 西南交通大学,崔凯 | 张继勋 | 秦晓同 | 郭国庆,授权
CN212358026U,一种装配式盖梁施工安全防护一体化平台,2020-06-04,2021-01-15,安徽省公路桥梁工程有限公司,蒋小敏 | 王生涛 | 何涛 | 杨庆 | 张银 | 叶舟 | 王鑫 | 陈忠义,授权 | 一案双申
CN112363230A,一种铁路隧道无人机电磁探测方法,2020-09-01,2021-02-12,深圳市广域鹏翔研究开发有限公司,何继善 | 蒋奇云 | 黄敏 | 凌帆 | 王泽深,实质审查
CN112665947A,一种冻融-干湿环境下岩石损伤声学监测装置及方法,2021-01-13,2021-04-16,中国科学院西北生态环境资源研究院,李双洋 | 杨佳乐 | 赵永春 | 赵建沅 | 姜琪,实质审查
CN111809556B,冰湖溃决型洪水泥石流防治方法,2020-07-22,2021-07-13,中国科学院、水利部成都山地灾害与环境研究所,陈剑刚 | 陈晓清 | 崔鹏 | 游勇 | 陈华勇 | 栗帅 | 唐金波 | 赵万玉 | 曾璐 | 王喜安,授权
CN214273649U,一种管棚作业室施工开挖设备及敞开式TBM,2021-01-29,2021-09-24,中铁工程装备集团有限公司,潘守辰 | 王志强 | 张玉香 | 任梓恒 | 宁向可,授权
CN113638759A,一种中空注浆智能锚杆及其安装布设方法,2021-08-23,2021-11-12,固远晨通科技发展有限公司,苏谦 | 董敏琪,实质审查
WO2021128575A1,一种滑坡 - 堰塞坝 - 溃坝洪水灾害链演进过程模拟的试验装置及方法,2020-02-28,2021-07-01,大连理工大学,"""NIAN, TINGKAI | WU, HAO | ZHAO, WEI | LI, DONGYANG | ZHENG, DEFENG""",PCT进入指定国(指定期内)
WO2022095548A1,一种旋挖钻机方桩工法及设备,2021-08-20,2022-05-12,成都欣皓地基基础工程有限责任公司,郑彪 | 郑杰 | 李常伟,-
WO2022016661A1,冰湖溃决型洪水泥石流防治方法,2020-08-28,2022-01-27,中国科学院、水利部成都山地灾害与环境研究所,陈剑刚 | 陈晓清 | 崔鹏 | 游勇 | 陈华勇 | 栗帅 | 唐金波 | 赵万玉 | 曾璐 | 王喜安,PCT国际公布
CN111795739A,微震传感器,2020-07-16,2020-10-20,中国科学院武汉岩土力学研究所 | 川藏铁路有限公司,陈炳瑞 | 王旭 | 王睿 | 朱新豪 | 李涛 | 魏凡博 | 王庆,授权
CN111880220A,震源定位方法、装置、设备和存储介质,2020-09-07,2020-11-03,中国科学院武汉岩土力学研究所 | 川藏铁路有限公司,李涛 | 陈炳瑞 | 王睿 | 朱新豪 | 王旭 | 王庆,授权
CN112627873A,一种岩爆防治装置以及防治方法,2020-12-15,2021-04-09,西南交通大学 | 中国科学院武汉岩土力学研究所 | 川藏铁路有限公司,罗勋 | 王庆 | 王睿 | 陈炳瑞,授权
CN111795739B,微震传感器,2020-07-16,2021-07-20,中国科学院武汉岩土力学研究所 | 川藏铁路有限公司,陈炳瑞 | 王旭 | 王睿 | 朱新豪 | 李涛 | 魏凡博 | 王庆,授权
CN112627873B,一种岩爆防治装置以及防治方法,2020-12-15,2021-11-30,西南交通大学 | 中国科学院武汉岩土力学研究所 | 川藏铁路有限公司,罗勋 | 王庆 | 王睿 | 陈炳瑞,授权
CN215369943U,一种可移动的便携式高海拔隧道供氧装置,2021-06-24,2021-12-31,北京科技大学 | 川藏铁路有限公司,莫晓雨 | 蒋仲安 | 史代宣 | 王祥 | 许强 | 罗勋,授权
CN114004104A,基于棋盘格测试的CORS站点选取方法,2021-11-09,2022-02-01,中铁第一勘察设计院集团有限公司 | 川藏铁路技术创新中心有限公司,周东卫 | 武瑞宏 | 汤伟尧 | 张波 | 张良会 | 张永刚 | 吕菲,实质审查
CN111880220B,震源定位方法、装置、设备和存储介质,2020-09-07,2022-02-22,中国科学院武汉岩土力学研究所 | 川藏铁路有限公司,李涛 | 陈炳瑞 | 王睿 | 朱新豪 | 王旭 | 王庆,授权
CN114359876A,一种车辆目标识别方法及存储介质,2022-03-21,2022-04-15,成都奥伦达科技有限公司 | 川藏铁路技术创新中心有限公司,刘健飞 | 束子贤 | 江亮亮 | 余建乐 | 魏新元,公开
CN114399762A,一种道路场景点云分类方法及存储介质,2022-03-23,2022-04-26,成都奥伦达科技有限公司 | 川藏铁路技术创新中心有限公司,刘健飞 | 陈薪宇 | 江亮亮 | 张波 | 魏新元,公开
